month_key,project_id,planned_progress_pct,planned_value_pln
202207,P056,2.1685766588489317,3386763.9292061673
202208,P056,2.345563626770576,276408.5265100845
202209,P056,5.438551226367478,4830458.168519136
202210,P056,10.413747051746567,7769987.606098643
202211,P056,13.934179124537074,5498017.471826884
202212,P056,24.90391845385827,17131936.434776217
202301,P056,36.80751492428687,18590383.231032394
202302,P056,49.22718672305642,19396361.336369973
202303,P056,63.199346432486415,21820951.693781782
202304,P056,76.19739793358859,20299642.991298813
202305,P056,84.17968484605545,12466297.318752293
202306,P056,89.87805699337692,8899404.669413552
202307,P056,93.86569811819376,6227678.910515118
202308,P056,98.71688470659008,7576316.7902721185
202309,P056,100.0,2003898.9975296191
202207,P036,1.248026547573787,2734853.6253269957
202208,P036,2.5167636209292974,2780237.4808440795
202209,P036,2.904799113884305,850318.6704854991
202210,P036,5.529122706293908,5750791.843879614
202211,P036,8.746121123129228,7049545.380310201
202212,P036,18.599461727595028,21592044.116442785
202301,P036,32.37153082223657,30179320.43589598
202302,P036,49.21562528979268,36911180.22248854
202303,P036,66.98206245469464,38932348.982507266
202304,P036,80.84242496117973,30372801.542481635
202305,P036,88.1040087894398,15912617.321274392
202306,P036,93.13443772394649,11023392.759737797
202307,P036,96.809588942237,8053515.089487687
202308,P036,99.71199338294579,6360162.227533321
202309,P036,100.0,631121.1426552485
202207,P051,0.2663919337313969,704290.1432872362
202208,P051,2.377813668560665,5582201.740620595
202209,P051,3.126367566985247,1979035.6449427754
202210,P051,6.005927180982544,7613013.745345511
202211,P051,13.089254710820244,18726985.051919572
202212,P051,22.73965430394864,25513840.516945165
202301,P051,35.073656759041526,32608781.48495784
202302,P051,51.19026738572945,42609285.68137358
202303,P051,66.37600169233147,40148223.862898834
202304,P051,78.5268016154531,32124428.4653851
202305,P051,88.67378835495104,26826723.48442968
202306,P051,92.01567479359804,8835318.86929262
202307,P051,94.86124912059971,7523163.041863108
202308,P051,99.37299057485521,11928195.38783976
202309,P051,100.0,1657694.9297681784
202207,P041,1.8934409630798412,5165371.201734225
202208,P041,3.228332301362296,3641628.8707481073
202209,P041,3.6446941106907396,1135849.1452032728
202210,P041,4.028644049598625,1047428.462790036
202211,P041,4.983205509810484,2604076.0567699824
202212,P041,7.620957482215681,7195876.8935775515
202301,P041,9.587153877918842,5363850.4909067415
202302,P041,14.703986019639448,13958891.723753827
202303,P041,20.94750753056199,17032538.55745781
202304,P041,27.2442084661386,17177613.832572866
202305,P041,35.316591547214706,22021734.983769268
202306,P041,43.87899066819973,23358515.369473122
202307,P041,55.17588983151046,30818324.280966856
202308,P041,64.78558003793259,26215560.990663532
202309,P041,72.56906260574712,21233604.579671383
202310,P041,80.51995861460348,21690314.128055803
202311,P041,84.1411031851461,9878605.273001233
202312,P041,89.26074178380291,13966547.83351372
202401,P041,93.18901847604432,10716472.123610636
202402,P041,94.94752353895275,4797261.486978813
202403,P041,96.06056504303537,3036414.9945143545
202404,P041,96.30449936485395,665461.1079010187
202405,P041,99.51044845704831,8745937.918291666
202406,P041,100.0,1335513.2222417258
202208,P061,0.5067918069891764,845382.9400213239
202209,P061,0.85590698499288,582361.4579332417
202210,P061,3.7875654231585223,4890319.842222162
202211,P061,8.954012626963891,8618186.534162361
202212,P061,23.380785279761447,24065399.858568963
202301,P061,39.43934780328662,26787399.897614956
202302,P061,61.87529896948981,37425566.27294644
202303,P061,77.4389760308165,25961878.014195684
202304,P061,90.01449937153797,20977317.998183288
202305,P061,96.6578345289296,11081793.607256783
202306,P061,97.72317985194722,1777109.9471026885
202307,P061,100.0,3797979.5334413247
202208,P021,1.8525511190741306,2446107.9644118343
202209,P021,1.8525511190741306,0.0
202210,P021,3.654056965330728,2378707.800875755
202211,P021,3.654056965330728,0.0
202212,P021,6.771740494893924,4116588.435082729
202301,P021,11.103796922796251,5720046.0605207905
202302,P021,11.790082591272567,906171.3991247991
202303,P021,16.21783945775686,5846408.89207928
202304,P021,21.94902161506512,7567451.270922664
202305,P021,26.762772733344995,6356075.591050722
202306,P021,37.05417999855517,13588771.190841874
202307,P021,43.838862840183836,8958493.271273715
202308,P021,54.1280478176764,13585836.882779187
202309,P021,64.61483619073888,13846752.349414168
202310,P021,70.64003459976314,7955670.245062729
202311,P021,78.73177685914098,10684334.150263153
202312,P021,84.82904172510935,8050826.77406911
202401,P021,88.46403228339196,4799640.486909065
202402,P021,90.12355853437845,2191237.984146618
202403,P021,93.60804886522517,4600920.029920712
202404,P021,97.6754607199986,5370609.442333164
202405,P021,97.6754607199986,0.0
202406,P021,97.6754607199986,0.0
202407,P021,100.0,3069320.9962494173
202208,P011,2.5313613632970666,9762682.151772363
202209,P011,2.615228409539914,323449.4005275022
202210,P011,3.520341792193708,3490743.9112744024
202211,P011,5.233197601554698,6605957.995988316
202212,P011,7.927244030859837,10390108.410743246
202301,P011,12.144716104669408,16265492.528080093
202302,P011,19.344073506893462,27765707.035749976
202303,P011,29.80201407571718,40333059.99526305
202304,P011,43.45707577812329,52663372.79865716
202305,P011,57.53640699495735,54299649.81390403
202306,P011,69.55042406028042,46334368.40560393
202307,P011,79.72976559310571,39258589.20824734
202308,P011,88.72417085158362,34688654.474989295
202309,P011,92.58585351048929,14893322.192767844
202310,P011,94.59983058893967,7767290.108377453
202311,P011,97.12427389305749,9736001.325457552
202312,P011,99.52329210153614,9252275.311331328
202401,P011,100.0,1838515.732846733
202209,P042,0.8156394842799185,803136.4369681043
202210,P042,2.0733264842256083,1238407.7468358953
202211,P042,2.0733264842256083,0.0
202212,P042,2.0733264842256083,0.0
202301,P042,2.0733264842256083,0.0
202302,P042,2.7312110657393482,647799.7803155229
202303,P042,2.7312110657393482,0.0
202304,P042,3.291868560952106,552063.1010919814
202305,P042,6.416523427795637,3076756.612300684
202306,P042,10.755201552559292,4272169.944482823
202307,P042,15.41311587899144,4586512.531496762
202308,P042,19.92989949939031,4447545.237030348
202309,P042,28.868824371550573,8801898.891016103
202310,P042,35.7065107763939,6732870.590662159
202311,P042,45.18634406240453,9334515.64706903
202312,P042,54.640008065277456,9308747.516390832
202401,P042,64.28434004202659,9496492.71526145
202402,P042,73.21290718536035,8791699.937207313
202403,P042,80.2050793787484,6884988.245784696
202404,P042,84.24231734640217,3975350.6040678965
202405,P042,90.9364045193209,6591472.610669694
202406,P042,91.46879504385561,524229.43860776245
202407,P042,94.9104897972646,3388936.551821091
202408,P042,96.15955472298455,1229917.8415451373
202409,P042,96.5035226127132,338695.15970280836
202410,P042,98.25118635533858,1720873.570152936
202411,P042,98.25118635533858,0.0
202412,P042,99.29547006503789,1028275.7443163529
202501,P042,99.87430392844989,569960.8412994152
202502,P042,100.0,123769.25957031776
202209,P008,0.2636251171640314,339813.1866923243
202210,P008,1.1309628144663373,1117999.6429372549
202211,P008,1.6633881449383228,686297.0803757862
202212,P008,3.691095428492361,2613717.847207261
202301,P008,5.096045061320571,1810982.2653070912
202302,P008,5.629303261113478,687370.6502278744
202303,P008,7.928251998707888,2963348.5039977077
202304,P008,10.522368045271358,3343819.625062263
202305,P008,16.797782700399093,8089019.26612636
202306,P008,24.554470077394708,9998382.112099573
202307,P008,33.746291592485214,11848272.251716
202308,P008,44.66946862578636,14079992.21174707
202309,P008,55.65418652197661,14159318.47987778
202310,P008,65.71503558982069,12968450.120962337
202311,P008,74.6952514572162,11575512.242203768
202312,P008,82.04111062343149,9468823.90842695
202401,P008,87.50406150228164,7041752.192871052
202402,P008,90.93814578864225,4426539.994639958
202403,P008,91.99437184779823,1361477.0356116924
202404,P008,96.06874117993245,5251868.416060428
202405,P008,97.4493988446935,1779669.8806271735
202406,P008,98.10357903186126,843239.2803229644
202407,P008,98.80592091098669,905319.7762813632
202408,P008,100.0,1539169.8058414087
202209,P039,2.5461233559432483,6786578.0750549985
202210,P039,6.68553501642862,11033416.88182652
202211,P039,7.370805869318393,1826558.8487063204
202212,P039,9.846387364581851,6598551.896376118
202301,P039,13.998513110702419,11067305.70917449
202302,P039,19.177876696605512,13805362.286465608
202303,P039,26.522913177931752,19577866.652961507
202304,P039,35.604473687699745,24206493.883735664
202305,P039,45.551525062523076,26513421.124803666
202306,P039,55.539740130750005,26623141.1108715
202307,P039,64.13196332447177,22902187.125528626
202308,P039,71.94429470546552,20823420.334901523
202309,P039,80.51833497005553,22853721.34012278
202310,P039,87.08442395655366,17501616.89951586
202311,P039,90.632013326628,9455941.002247844
202312,P039,92.65885791024436,5402463.702556511
202401,P039,95.2508893473236,6908944.014701245
202402,P039,100.0,12658542.311483465
202210,P043,1.3549064344515687,1334971.9912243802
202211,P043,3.3948733990165776,2009953.3749868318
202212,P043,3.467729362036757,71784.04910667268
202301,P043,3.467729362036757,0.0
202302,P043,4.167301976841158,689279.9553125608
202303,P043,5.802011914771436,1610658.8067067533
202304,P043,8.915044979488266,3067231.6873559826
202305,P043,10.39659250857125,1459749.8430170512
202306,P043,14.77197230368039,4311005.785284399
202307,P043,18.465843644400206,3639524.2163296947
202308,P043,22.788307752685114,4258868.635433645
202309,P043,28.175354518554048,5307788.320277529
202310,P043,33.58983621960084,5334819.611230346
202311,P043,40.37105578165149,6681448.955805419
202312,P043,47.02321039448001,6554282.911066625
202401,P043,53.560976425936026,6441577.303974289
202402,P043,60.24246745271968,6583187.704753677
202403,P043,66.29277316501692,5961288.882306512
202404,P043,72.33757931893292,5955870.237729742
202405,P043,77.44107537407834,5028409.429394279
202406,P043,81.46791951467704,3967598.0599363116
202407,P043,84.74714015885343,3230974.1851600436
202408,P043,88.67289947681617,3868000.4762762217
202409,P043,90.80481997829776,2100554.019545242
202410,P043,93.27387741978865,2432730.7371956254
202411,P043,93.40271769478456,126944.67609551901
202412,P043,94.50331511636938,1084404.5714671323
202501,P043,97.2208276868813,2677530.400025015
202502,P043,99.37415187294778,2121642.796381264
202503,P043,100.0,616640.1598890743
202210,P027,2.0893522692394924,3242289.4913103273
202211,P027,2.1316305648744858,65608.11963879391
202212,P027,4.20440445617658,3216562.9054393093
202301,P027,5.965243053393998,2732496.8430190734
202302,P027,9.365633586542849,5276779.15031182
202303,P027,17.536384979478907,12679499.655205894
202304,P027,22.04077077142482,6989976.239549932
202305,P027,31.754008096020907,15073153.420703147
202306,P027,43.597235056280766,18378504.612068456
202307,P027,55.69777955160755,18777813.98280517
202308,P027,69.07687958944115,20761896.447288457
202309,P027,77.59934493374824,13225294.859426098
202310,P027,86.05818317205886,13126557.32235681
202311,P027,90.9486123683912,7589044.425254867
202312,P027,95.36904153094923,6859691.030493601
202401,P027,96.80647935870617,2230638.4767967737
202402,P027,96.80647935870617,0.0
202403,P027,100.0,4955755.220405464
202211,P058,0.0,0.0
202212,P058,0.10845480428577498,232847.8056660991
202301,P058,2.3751605542874676,4866519.8693079
202302,P058,2.3751605542874676,0.0
202303,P058,2.3751605542874676,0.0
202304,P058,2.526181197033982,324234.8322454351
202305,P058,3.259220035827526,1573802.8961017588
202306,P058,5.151494057773476,4062631.0344729405
202307,P058,7.313561608115029,4641866.149814625
202308,P058,11.721629728153648,9463932.886487205
202309,P058,16.219464470526525,9656657.968333403
202310,P058,21.46714176053451,11266537.70544351
202311,P058,27.29592231940484,12514141.4599389
202312,P058,38.1023576434837,23200952.40459917
202401,P058,44.1937842286147,13078031.1952481
202402,P058,54.75517065423603,22674842.94672414
202403,P058,62.076211710253425,15717960.640943779
202404,P058,71.71869670836907,20702001.0571721
202405,P058,78.80615244042936,15216462.985054767
202406,P058,82.54801311110573,8033614.112469067
202407,P058,85.89346712901249,7182546.058299373
202408,P058,91.86411773576091,12818730.358104398
202409,P058,95.5399791504285,7891916.545095749
202410,P058,95.90528463059171,784295.1726663073
202411,P058,96.96755571564921,2280650.3852649466
202412,P058,98.56846681611682,3437087.358787245
202501,P058,99.1822666609684,1317801.8985243419
202502,P058,99.1822666609684,0.0
202503,P058,99.1822666609684,0.0
202504,P058,100.0,1755638.3497019242
202212,P046,0.41296090315366235,1287855.733848864
202301,P046,2.3651048444823695,6087936.53088997
202302,P046,2.68804755473683,1007125.8996427114
202303,P046,3.765364144588696,3359708.720161749
202304,P046,6.168160099068259,7493335.382632857
202305,P046,7.392003289785136,3816665.1091184323
202306,P046,10.46090988155316,9570661.340268267
202307,P046,15.973368881737224,17191099.391683087
202308,P046,20.81054031212003,15085154.344285196
202309,P046,27.274652386461558,20158915.131209753
202310,P046,35.22214812282481,24784980.553004786
202311,P046,45.11018796859063,30836741.964304317
202312,P046,55.46849960363042,32303326.853233814
202401,P046,63.2764888694442,24349917.07209387
202402,P046,71.36703394397182,25231092.78535261
202403,P046,78.83588342572271,23292279.140400548
202404,P046,84.47900734587228,17598589.701553542
202405,P046,89.4613953055466,15538025.157162435
202406,P046,91.37774178475212,5976298.924277507
202407,P046,93.99735756888715,8169507.530411283
202408,P046,96.21463264675971,6914771.83615085
202409,P046,97.91053888447337,5288836.196430198
202410,P046,98.256361287581,1078478.2804725592
202411,P046,100.0,5437694.213667685
202212,P035,3.0003534683460673,7297698.657939351
202301,P035,3.8583070774704407,2086783.0967037897
202302,P035,5.648293684128216,4353747.981679194
202303,P035,7.827741541495879,5301026.652879113
202304,P035,10.924713761230183,7532702.479914499
202305,P035,10.940470044024838,38323.68586493496
202306,P035,15.657571067801124,11473308.786365299
202307,P035,20.195674906921575,11037937.578266319
202308,P035,26.91187413759204,16335674.656071523
202309,P035,31.76720658314811,11809526.259356398
202310,P035,37.068221913975314,12893551.667703561
202311,P035,46.35426703400669,22586258.494194485
202312,P035,53.69977419831896,17866327.531214263
202401,P035,61.21635405871668,18282424.16709532
202402,P035,66.83596747479906,13668471.304245727
202403,P035,75.74501084085419,21669284.80324137
202404,P035,79.03269388394084,7996564.532941251
202405,P035,83.64378919989909,11215473.261371622
202406,P035,86.59026525877152,7166653.731747474
202407,P035,89.48438293843152,7039303.511934479
202408,P035,91.49075279595303,4880052.557486149
202409,P035,94.10082104910356,6348415.874695791
202410,P035,94.90148269936589,1947433.0315500707
202411,P035,100.0,12401019.831449576
202212,P045,1.1741934730618382,4027483.6126021054
202301,P045,3.482125470157734,7916206.750038924
202302,P045,4.544228168506862,3643012.2553375093
202303,P045,9.282470611137501,16252171.578223092
202304,P045,13.542676723238605,14612506.964506788
202305,P045,23.540643966291483,34293027.64367137
202306,P045,37.39229438494443,47511160.93597961
202307,P045,49.03225560430052,39925066.9823914
202308,P045,64.77131437796179,53984971.593658134
202309,P045,76.72557468688649,41003112.85961173
202310,P045,83.2189844014832,22272395.321066715
202311,P045,90.80452223539478,26018394.770316765
202312,P045,96.17316685541908,18414451.046683308
202401,P045,97.3264434804253,3955738.8237713226
202402,P045,100.0,9170298.862141237
202301,P006,3.262323559284206,5531551.128491572
202302,P006,4.196440557367407,1583875.983173177
202303,P006,4.995017078988678,1354055.4083881977
202304,P006,9.246867815886846,7209379.852876156
202305,P006,11.786750330138476,4306589.9910391625
202306,P006,17.27307107113394,9302530.277768916
202307,P006,25.03612266594454,13162923.918936722
202308,P006,34.468218482413945,15992932.432820873
202309,P006,44.42081273693019,16875482.45277897
202310,P006,55.30428505727972,18453866.54680734
202311,P006,65.82785791662481,17843625.951880127
202312,P006,73.90966237346602,13703396.904412828
202401,P006,81.96871414068374,13664817.75563254
202402,P006,88.23260863682388,10620973.683088195
202403,P006,91.34940779588851,5284801.949377552
202404,P006,93.90951862596471,4340888.846193627
202405,P006,94.41042423867914,849328.6937750025
202406,P006,100.0,9477608.075487025
202301,P053,2.175465685143888,2994280.9242685945
202302,P053,3.2433772868020747,1469858.779886356
202303,P053,4.96628417534045,2371385.2467869204
202304,P053,4.96628417534045,0.0
202305,P053,4.96628417534045,0.0
202306,P053,5.932810540532675,1330313.5406184655
202307,P053,8.464937919380834,3485185.153725741
202308,P053,9.639284280273138,1616354.1125547567
202309,P053,11.017211996664084,1896560.6786564891
202310,P053,13.949822542978433,4036404.6544623673
202311,P053,17.575720649893285,4990636.078067422
202312,P053,20.43547407633787,3936125.1208834467
202401,P053,23.96103107932579,4852527.968406022
202402,P053,27.5801997379558,4981373.758386744
202403,P053,32.782389578511356,7160222.250515116
202404,P053,37.245270937981545,6142648.267537084
202405,P053,41.288158777572356,5564574.987191108
202406,P053,47.69483665051525,8818062.943437224
202407,P053,52.32265107542923,6369659.860968318
202408,P053,56.17571603964596,5303305.403118203
202409,P053,61.30696158695256,7062575.505079541
202410,P053,68.88834753287723,10434914.91151644
202411,P053,71.86040117991837,4090693.5935647986
202412,P053,75.27527645830716,4700187.17126291
202501,P053,79.50117085676156,5816462.687357258
202502,P053,82.53714122226643,4178667.68212192
202503,P053,86.36837775239684,5273261.047908339
202504,P053,89.2023545112173,3900646.4715601224
202505,P053,90.11814020782971,1260474.7851507538
202506,P053,91.55533623086762,1978136.7573869491
202507,P053,93.8388670930679,3143020.341510313
202508,P053,95.50107488944693,2287839.8546374
202509,P053,95.50107488944693,0.0
202510,P053,97.13422020072929,2247838.6515244087
202511,P053,98.2858700361538,1585114.9283564026
202512,P053,100.0,2359304.80885634
202302,P044,0.0,0.0
202303,P044,2.599729663471276,5537516.275058544
202304,P044,2.599729663471276,0.0
202305,P044,5.213917981548985,5568313.721548294
202306,P044,10.857884983702954,12021849.644393343
202307,P044,20.717851715181943,21002078.41387504
202308,P044,33.20014594025575,26587728.86759393
202309,P044,48.74316618746632,33107183.716774922
202310,P044,67.20483328469474,39324004.89638247
202311,P044,82.02508415736467,31567659.345887646
202312,P044,89.31837440805043,15534966.588784479
202401,P044,94.5168436174936,11072923.564769844
202402,P044,95.88487580335222,2913957.0165463975
202403,P044,97.16773554616735,2732536.6957466016
202404,P044,100.0,6032823.615754929
202303,P052,3.1002687751947082,3363777.241178128
202304,P052,5.125612231623832,2197488.2561198147
202305,P052,5.239957070242983,124063.61953864188
202306,P052,6.126129569541407,961493.0514244739
202307,P052,6.70750938994281,630794.4085343531
202308,P052,8.669666283797554,2128931.1288034474
202309,P052,8.989688358345024,347222.4665326919
202310,P052,10.982828173007555,2162547.4541724995
202311,P052,13.509966779207888,2741933.6661562263
202312,P052,15.88942722719838,2581703.5494708843
202401,P052,18.91016168436218,3277482.875016863
202402,P052,22.20101027627039,3570555.4583501266
202403,P052,25.734352626431363,3833660.0613009324
202404,P052,29.598916827229193,4193034.2329429393
202405,P052,34.5368027619482,5357583.3358829385
202406,P052,38.82997386750048,4658070.736603582
202407,P052,43.55711062538308,5128921.456528693
202408,P052,47.5520630083454,4334504.805814784
202409,P052,51.912096342620295,4730615.94464202
202410,P052,56.897407878940435,5409039.893647046
202411,P052,62.524098492278114,6104933.217316687
202412,P052,64.57968724563888,2230304.263004559
202501,P052,69.8404136231307,5707863.718867754
202502,P052,74.24497162119191,4778924.99833241
202503,P052,77.40352652853028,3427017.424206714
202504,P052,80.74487617446748,3625348.8677336546
202505,P052,85.44515458468248,5099780.273885831
202506,P052,88.29694658641507,3094181.094476067
202507,P052,90.48230776622617,2371106.743782585
202508,P052,91.89545589191562,1533259.1617993214
202509,P052,94.28864534086014,2596599.4518270968
202510,P052,95.02991335885906,804272.3613217651
202511,P052,95.02991335885906,0.0
202512,P052,95.48286740847252,491453.0429038395
202601,P052,95.64501820707437,175932.86438254957
202602,P052,100.0,4725135.045708519
202303,P023,2.7649307220530113,5054780.780790222
202304,P023,3.475483157113579,1299015.1123283687
202305,P023,5.600682797544422,3885239.587419273
202306,P023,8.118271959094042,4602596.80512993
202307,P023,12.682474321432741,8344166.5271295905
202308,P023,17.61440740343736,9016443.108762441
202309,P023,25.14752265263619,13771862.664556816
202310,P023,35.16666743889725,18316762.91257758
202311,P023,45.83159470740038,19497367.13306396
202312,P023,55.57041590609521,17804281.977149356
202401,P023,65.17716777747695,17562835.96473775
202402,P023,73.71921056238313,15616360.060468681
202403,P023,81.68783966580756,14568058.765438827
202404,P023,88.17107569037967,11852498.36205681
202405,P023,91.86152485415646,6746791.64897523
202406,P023,96.34559848205471,8197677.074931722
202407,P023,96.87473335070365,967351.8193998847
202408,P023,100.0,5713538.378270053
202304,P062,0.9701357112806768,2563429.2756278547
202305,P062,0.9701357112806768,0.0
202306,P062,1.9888388110434203,2691760.8729786724
202307,P062,3.1692281028359255,3118990.9123375313
202308,P062,5.55086058101054,6293084.923427381
202309,P062,8.256479463545876,7149167.453104913
202310,P062,15.768168629919144,19848443.567836907
202311,P062,27.30143324732347,30474816.89421447
202312,P062,41.73645741429324,38142254.855413996
202401,P062,57.40630196605151,41405071.27140827
202402,P062,71.9585530806209,38452008.41450385
202403,P062,83.49214041889088,30475669.63275945
202404,P062,90.40843981155365,18275220.812925465
202405,P062,94.00325660660475,9498731.4721029
202406,P062,97.84692042243081,10156270.134776423
202407,P062,99.08817133569315,3279808.0644367915
202408,P062,99.68834826115231,1585872.041806751
202409,P062,100.0,823490.1384135804
202304,P030,1.3005094216673843,2595521.8457623306
202305,P030,2.3342011464559045,2063014.2379380155
202306,P030,2.458905201653363,248881.01087739517
202307,P030,2.458905201653363,0.0
202308,P030,2.751323741752461,583601.0845350506
202309,P030,4.196910212582659,2885062.7319314163
202310,P030,5.1097637427402525,1821848.6079613124
202311,P030,8.789368585909534,7343656.720282769
202312,P030,15.415477842137415,13224211.251693673
202401,P030,23.395312732955443,15925940.588834789
202402,P030,32.95067054681769,19070327.00936352
202403,P030,43.38762518884656,20829794.329275396
202404,P030,53.90133178160526,20982973.81533303
202405,P030,66.75546525254848,25653935.04754693
202406,P030,77.71031053185031,21863386.581943866
202407,P030,84.96442660478725,14477570.423798842
202408,P030,89.96991619614329,9989821.962568859
202409,P030,93.57270147708194,7190342.2970040245
202410,P030,94.64913338087673,2148313.9416190377
202411,P030,98.21060745341632,7107894.494559681
202412,P030,98.94363244521234,1462951.6311055007
202501,P030,99.90814195175759,1924942.2210828748
202502,P030,100.0,183327.83057933408
202503,P030,100.0,0.0
202305,P012,2.034403874830413,2512215.2732653627
202306,P012,2.135429517913212,124753.08697749069
202307,P012,3.697375307416917,1928793.0567527208
202308,P012,6.382632728461905,3315931.8998842924
202309,P012,7.245861192490041,1065971.0977151268
202310,P012,9.00567249385746,2173130.362194557
202311,P012,13.01066915656496,4945632.433122111
202312,P012,17.652490065290372,5732024.760144816
202401,P012,22.926469257585815,6512655.250852189
202402,P012,29.1687253821086,7708347.083721335
202403,P012,38.22045490226921,11177669.012211261
202404,P012,45.86763690232622,9443241.657011019
202405,P012,55.64044816569589,12068108.020401621
202406,P012,63.71112622338971,9966202.351947544
202407,P012,70.37874943668022,8233618.250556764
202408,P012,77.85890408056444,9236985.32786133
202409,P012,84.19157297337559,7819994.697158537
202410,P012,87.09764294039182,3588605.7073719245
202411,P012,89.76013065255579,3287814.3706530402
202412,P012,93.55078347157306,4680946.603277295
202501,P012,95.5996122597999,2530028.101975705
202502,P012,95.97958757645408,469218.4308988529
202503,P012,98.14632937420565,2675634.816114241
202504,P012,100.0,2289034.0090962066
202305,P014,0.0,0.0
202306,P014,4.57872571264189,17156207.612673163
202307,P014,5.401656767210579,3083472.762763572
202308,P014,11.823561802993634,24062488.774675895
202309,P014,23.65669502045378,44338032.65975267
202310,P014,40.130977281380275,61728136.70796513
202311,P014,59.86739016260471,73951142.34181817
202312,P014,76.31039292042577,61610934.30647243
202401,P014,89.06728963607982,47799318.47477031
202402,P014,94.00332760730818,18495034.97984593
202403,P014,98.69612010103327,17583608.924913697
202404,P014,100.0,4885558.92022574
202305,P040,1.7695357506173466,2914086.7793669035
202306,P040,1.7695357506173466,0.0
202307,P040,3.795422217178214,3336247.35563762
202308,P040,4.065540412719662,444832.98075168236
202309,P040,6.764230590352696,4444226.326314185
202310,P040,11.297057992946117,7464699.37238691
202311,P040,18.79371181964456,12345554.362634806
202312,P040,30.32572220110343,18991014.440034427
202401,P040,43.78036773430113,22157226.63737123
202402,P040,57.05039053894164,21853188.33112541
202403,P040,70.27299181986773,21775094.155709375
202404,P040,81.60266072824207,18657796.752046186
202405,P040,88.42548380789749,11235884.0602383
202406,P040,93.47058349293303,8308313.797910598
202407,P040,97.15496458682668,6067470.652751225
202408,P040,97.43321071687964,458218.13360620703
202409,P040,98.58652133436956,1899281.900214984
202410,P040,100.0,2327728.8921649605
202306,P054,3.9535774081962973,2744874.910602174
202307,P054,4.629437473123188,469233.5937193996
202308,P054,5.221710241453192,411200.91860389477
202309,P054,6.889647408321656,1158009.1671676212
202310,P054,8.445020292034922,1079858.4583887632
202311,P054,11.531027682272455,2142541.6489468478
202312,P054,15.363631269527394,2660885.6594360746
202401,P054,20.23473450903066,3381891.3071858645
202402,P054,27.134325404750374,4790222.117269829
202403,P054,32.4314777679653,3677687.096572898
202404,P054,38.46841763799067,4191303.9951344896
202405,P054,45.043153780102486,4564683.176026489
202406,P054,52.96095928820252,5497144.343539407
202407,P054,60.724298191014924,5389901.847540498
202408,P054,66.61985729501102,4093146.686588826
202409,P054,73.88075973171138,5041072.140262353
202410,P054,79.54672393528676,3933744.399318445
202411,P054,82.42368395573453,1997405.0242601244
202412,P054,87.87129995921033,3782150.4290104373
202501,P054,91.47620887320471,2502802.6547590992
202502,P054,94.1214519567765,1836529.4574699274
202503,P054,94.22370887944427,70994.55315691374
202504,P054,95.50186715147964,887394.9363973972
202505,P054,100.0,3122946.8214944783
202306,P017,0.37312501451558694,1294344.207956711
202307,P017,0.37312501451558694,0.0
202308,P017,1.1822057501631247,2806643.6803073105
202309,P017,3.1151930753006143,6705395.915611894
202310,P017,8.136022378485926,17416900.703251462
202311,P017,18.20008918092959,34911533.84916843
202312,P017,32.12912072966474,48318822.395110406
202401,P017,48.82572969717466,57919352.1444051
202402,P017,68.97323141361295,69890254.30344185
202403,P017,82.48597156044723,46874737.05129576
202404,P017,92.20674582019251,33720676.36979724
202405,P017,95.75589087390262,12311732.434856568
202406,P017,98.4718330943294,9421410.908937177
202407,P017,98.96920542874891,1725349.3472947215
202408,P017,100.0,3575753.2488788357
202306,P048,2.2199711716537314,3314150.7574849296
202307,P048,3.6482081709475445,2132186.5767975403
202308,P048,7.853384511604713,6277824.024338491
202309,P048,15.568577136853051,11517857.4431944
202310,P048,26.868727400595947,16869769.317039818
202311,P048,42.28041485201911,23007801.31446768
202312,P048,60.01924623730546,26481948.15460155
202401,P048,75.12846659935927,22556254.219556093
202402,P048,84.87996970338463,14557824.809385953
202403,P048,90.39487156942032,8233087.18156098
202404,P048,96.65320411143512,9342940.034333952
202405,P048,100.0,4996364.939717725
202307,P029,2.9977794881483293,7019288.265048812
202308,P029,5.2829430668603825,5350701.062298016
202309,P029,6.578485545996466,3033507.3532340485
202310,P029,13.599492815919096,16439659.46575715
202311,P029,19.24218589131901,13212342.483499922
202312,P029,27.714541757726252,19837986.197951883
202401,P029,38.680511960305495,25676773.846159156
202402,P029,50.33689032744822,27293361.7061981
202403,P029,61.94147542226961,27172087.97340659
202404,P029,72.24502080735316,24125708.87746905
202405,P029,81.47740577517595,21617591.193500444
202406,P029,88.21337123737845,15772235.25263933
202407,P029,93.25907140802602,11814486.067705316
202408,P029,95.44959292261407,5129097.060832268
202409,P029,100.0,10654759.339626824
202308,P010,2.556820083432232,1317015.6755146224
202309,P010,6.069765831525792,1809515.126798044
202310,P010,12.475741046233427,3299711.946646917
202311,P010,29.8279831592203,8938123.967428701
202312,P010,51.07262974623378,10943097.93527033
202401,P010,70.42319681670072,9967459.316766398
202402,P010,86.7997281680331,8435536.250680836
202403,P010,94.78497344749226,4113192.505809571
202404,P010,100.0,2686255.3851101724
202309,P024,0.0,0.0
202310,P024,0.5044853820516035,1561674.383497698
202311,P024,1.7985529595056238,4005888.4917663448
202312,P024,2.8994954884198614,3408054.6360264425
202401,P024,2.9051893420298107,17625.773991473816
202402,P024,3.2333363156098907,1015804.8991990174
202403,P024,4.937453964227732,5275230.904590598
202404,P024,4.937453964227732,0.0
202405,P024,5.240021781550439,936622.5987799766
202406,P024,6.914080530489039,5182181.204251814
202407,P024,9.54601786471832,8147370.092512714
202408,P024,12.61546040054088,9501702.032115541
202409,P024,16.255082925734538,11266739.26622266
202410,P024,20.072978785495238,11818598.46722045
202411,P024,25.88820780588633,18001501.170133494
202412,P024,32.50200620283816,20473535.808181863
202501,P024,39.54032175760646,21787662.231471214
202502,P024,46.94773211224344,22930224.36417965
202503,P024,54.29640351211222,22748393.28593935
202504,P024,60.675737090941716,19747731.427480012
202505,P024,67.0276189617395,19662752.495004267
202506,P024,74.81437174046194,24104508.827802774
202507,P024,80.11307177413923,16402544.856266566
202508,P024,84.28688174678005,12920358.741323598
202509,P024,87.75700635490864,10742045.063864857
202510,P024,90.66263436413239,8994601.214260729
202511,P024,92.53892921361914,5808219.041780677
202512,P024,97.10521890757437,14135310.747120894
202601,P024,98.34823111637712,3847842.561796179
202602,P024,98.34823111637712,0.0
202603,P024,98.34823111637712,0.0
202604,P024,99.28585519310725,2902489.4557407387
202605,P024,99.4068389449434,374514.76848267706
202606,P024,99.4068389449434,0.0
202607,P024,99.4068389449434,0.0
202608,P024,100.0,1836176.939762367
202309,P007,3.492651257468792,8093905.520809604
202310,P007,5.410394814073829,4444198.408618598
202311,P007,8.462887380249173,7073877.296155343
202312,P007,14.459662296336745,13896987.137373088
202401,P007,20.414360057448402,13799477.110790493
202402,P007,28.900171442711,19665105.54778446
202403,P007,37.68385657609032,20355401.19904096
202404,P007,51.25682083184836,31454125.31196954
202405,P007,62.71533905199379,26554086.579358757
202406,P007,71.43386654693403,20204404.225507647
202407,P007,81.99090887951066,24464997.1955656
202408,P007,86.1656302129895,9674541.647016414
202409,P007,89.52720355479946,7790144.226881826
202410,P007,95.53692586059347,13926991.549866576
202411,P007,100.0,10342773.370080126
202309,P066,2.4700463453133295,8621413.843107216
202310,P066,2.4700463453133295,0.0
202311,P066,3.4456095542304768,3405091.6373058897
202312,P066,6.652357294558888,11192785.678810053
202401,P066,8.509502794622215,6482153.645938653
202402,P066,13.556096374411167,17614556.840960536
202403,P066,20.23523783918436,23312778.237431187
202404,P066,31.08413218215399,37866823.044982634
202405,P066,41.79130765071553,37372169.546691105
202406,P066,55.9407078303469,49386860.61976027
202407,P066,65.53213008709909,33477760.761999156
202408,P066,77.13931668536999,40513555.30544393
202409,P066,86.18233934080509,31563634.768646616
202410,P066,90.20123743134867,14027503.45052919
202411,P066,92.61796862093622,8435323.398896001
202412,P066,95.46289206900434,9929879.430923529
202501,P066,97.56718652617083,7344798.771655279
202502,P066,100.0,8491456.769936837
202309,P038,0.7306779737956779,593928.5354662178
202310,P038,1.3173828468663729,476900.60260556365
202311,P038,1.701303942831892,312068.65738250455
202312,P038,7.554458478293344,4757712.187552785
202401,P038,20.97323741060354,10907398.340764211
202402,P038,37.945491174851014,13795825.498059008
202403,P038,60.46324654412605,18303463.28764508
202404,P038,79.39187457485332,15386056.13944284
202405,P038,90.98884152609625,9426546.090368256
202406,P038,95.0981837308069,3340261.6267392775
202407,P038,98.61189729069957,2856107.3735861806
202408,P038,100.0,1128313.4825164906
202310,P055,2.517176763797279,5006084.076175033
202311,P055,3.545057266910381,2044217.272641122
202312,P055,6.821924413995036,6516933.050031412
202401,P055,14.477990583470307,15226149.982146904
202402,P055,24.383060280842635,19698899.337771274
202403,P055,40.868136838491296,32785015.51288652
202404,P055,58.767304074605086,35597315.75717003
202405,P055,73.22107551683568,28745218.094445772
202406,P055,84.59266991592335,22615478.76205434
202407,P055,92.62216080056784,15968805.622046713
202408,P055,95.18433798698555,5095579.538846262
202409,P055,100.0,9577241.164114812
202310,P031,0.24956174895907554,359875.080706732
202311,P031,2.4398769057757907,3158496.2323767557
202312,P031,2.5042979397998115,92896.94801108103
202401,P031,2.5042979397998115,0.0
202402,P031,2.5042979397998115,0.0
202403,P031,3.6661000746234054,1675351.4462004236
202404,P031,4.045022485163416,546416.8032298795
202405,P031,4.083358082695018,55281.012868236336
202406,P031,4.786077419592897,1013341.1034948938
202407,P031,6.674653585415868,2723380.0970348436
202408,P031,8.305648112158567,2351940.1085781716
202409,P031,11.416869660021439,4486469.22176075
202410,P031,16.106943876543756,6763219.300359658
202411,P031,19.403953914680976,4754381.464765691
202412,P031,24.717972483548234,7662964.654338035
202501,P031,31.781075242700968,10185193.388378022
202502,P031,38.89569475812626,10259482.003915716
202503,P031,45.6497584280816,9739550.305532482
202504,P031,52.6137366329679,10042252.985389818
202505,P031,61.068694654997735,12192287.933712874
202506,P031,68.24690690303862,10351184.517934203
202507,P031,74.03927730784297,8352761.493325177
202508,P031,80.19813152894896,8881241.492841821
202509,P031,84.28638238314714,5895373.037897736
202510,P031,88.49064725350011,6062668.521283943
202511,P031,90.14809096639199,2390080.580985367
202512,P031,92.39814511002534,3244641.5362610486
202601,P031,95.44119554535907,4388164.55477704
202602,P031,96.38377950007792,1359232.647599953
202603,P031,98.45952666896393,2993285.9624738493
202604,P031,98.66207764002313,292084.21307027433
202605,P031,98.66207764002313,0.0
202606,P031,98.70344618186998,59654.60411281835
202607,P031,99.16772580387382,669504.3095988295
202608,P031,99.56040545326573,566255.1296672468
202609,P031,100.0,633907.7348355023
202310,P005,1.2970753596247477,4957717.871975272
202311,P005,1.2970753596247477,0.0
202312,P005,1.439956555131448,546124.5187308891
202401,P005,2.807418305079867,5226750.710092286
202402,P005,5.4388148674119385,10057797.851546738
202403,P005,9.876206607163953,16960723.34570333
202404,P005,19.310056527371405,36058326.14419254
202405,P005,28.532358685737563,35249742.34690232
202406,P005,41.77989490585529,50635105.03901511
202407,P005,56.24184091776519,55276856.2556997
202408,P005,71.75732901363037,59303734.40101757
202409,P005,81.78909203082395,38343686.37775199
202410,P005,89.75973485481671,30465614.882293876
202411,P005,93.51275514982932,14344899.586908216
202412,P005,96.41521025200325,11093845.416057006
202501,P005,98.62287047494107,8438180.913153889
202502,P005,98.90299862892363,1070713.6984273412
202503,P005,100.0,4192989.453242031
202311,P022,0.8505250276988483,473897.8783555545
202312,P022,5.427191251697518,2550039.49661837
202401,P022,6.5526684453140565,627096.4837278047
202402,P022,8.917306123961113,1317535.3369933066
202403,P022,12.972769625768429,2259634.327815885
202404,P022,19.505355191582535,3639844.02456828
202405,P022,26.3530920342279,3815440.881318577
202406,P022,34.99343568595183,4814250.482308763
202407,P022,45.76467280316152,6001547.574585478
202408,P022,55.836064201118916,5611605.608471687
202409,P022,64.50885196685665,4832327.783147123
202410,P022,72.98731082219399,4724051.065422482
202411,P022,81.08343636245637,4511021.535499199
202412,P022,87.97401409654454,3839311.08725071
202501,P022,90.9797793625287,1674760.5725825506
202502,P022,93.59567099324303,1457529.7062775083
202503,P022,97.02203522347682,1909111.062344997
202504,P022,100.0,1659270.6192669494
202311,P003,0.14078604729453986,547099.4774523143
202312,P003,1.2181104094139101,4186519.949161286
202401,P003,4.983493844063782,14632411.017227562
202402,P003,8.098449463068896,12104825.898545861
202403,P003,16.840753728383362,33972898.502337456
202404,P003,23.97385678131246,27719486.610107914
202405,P003,33.981860122191065,38891449.14112562
202406,P003,51.41872927551007,67760280.12369083
202407,P003,64.23770064397537,49814968.68429763
202408,P003,76.78966045375566,48777352.47844819
202409,P003,85.69975545825623,34624939.15191977
202410,P003,91.30491115718084,21781830.038206138
202411,P003,95.27486233452477,15427368.38184032
202412,P003,97.22676134138956,7585147.443349232
202501,P003,100.0,10776901.902800767
202311,P015,0.8137960799573543,3083535.5369526455
202312,P015,1.5958112035941483,2963115.0647651628
202401,P015,1.6432060595721356,179582.73119788806
202402,P015,1.7209501820926694,294578.42140727537
202403,P015,1.9842183542851202,997543.2232931514
202404,P015,3.4979317718467233,5735575.816558174
202405,P015,4.074121354417898,2183226.3605561145
202406,P015,4.074121354417898,0.0
202407,P015,4.9558212493999205,3340828.2812654437
202408,P015,6.713926616705324,6661595.590479475
202409,P015,8.03100632310813,4990515.658302308
202410,P015,10.272062411209678,8491532.778490806
202411,P015,15.21942011988562,18745916.433412056
202412,P015,20.259045420872848,19095525.39173467
202501,P015,25.240611927725183,18875536.18392606
202502,P015,30.867684187358673,21321406.810523793
202503,P015,37.99950129284569,27023000.02350515
202504,P015,45.779011209680824,29477157.582147267
202505,P015,53.06380388121976,27602636.133611813
202506,P015,60.82443841198002,29405637.301859576
202507,P015,67.81657216911661,26493729.14205575
202508,P015,75.20133368309112,27981425.71718203
202509,P015,80.94687497054748,21770295.010303784
202510,P015,85.39379261600665,16849710.790439874
202511,P015,88.67572410961675,12435489.233274685
202512,P015,90.71462196640528,7725539.791188797
202601,P015,93.32578899087905,9893911.40014548
202602,P015,95.27317895163654,7378809.380127795
202603,P015,96.02202837454186,2837447.6901831073
202604,P015,97.65802802165227,6198927.685386808
202605,P015,99.07975124143181,5387017.927305167
202606,P015,99.07975124143181,0.0
202607,P015,99.07975124143181,0.0
202608,P015,99.16980352688957,341214.99136168405
202609,P015,99.87526823980512,2673059.7085884465
202610,P015,100.0,472618.17133317253
202312,P063,1.3406106523847858,2082183.6683950159
202401,P063,1.3406106523847858,0.0
202402,P063,1.3406106523847858,0.0
202403,P063,1.4561676436417734,179478.56787214638
202404,P063,2.4245541116511773,1504059.7244226378
202405,P063,4.459762908274764,3161006.1508650426
202406,P063,6.385488804309223,2990961.621404027
202407,P063,10.315206516246331,6103482.787222804
202408,P063,13.238916367392706,4540990.997164847
202409,P063,21.326608354064476,12561484.678419307
202410,P063,31.221962491580758,15369074.340465296
202411,P063,42.59206202543163,17659590.81057258
202412,P063,57.113951412175545,22554826.684040334
202501,P063,68.33746557400387,17431920.183677286
202502,P063,77.07510234353104,13570953.318559298
202503,P063,85.71657808547933,13421599.797606256
202504,P063,90.06982201039806,6761287.02161315
202505,P063,93.21277664747623,4881513.36421891
202506,P063,95.36499976293142,3342748.1825325424
202507,P063,97.63321687897378,3522905.496085751
202508,P063,99.13082908238083,2326032.29429525
202509,P063,99.41283127641283,437994.70175808057
202510,P063,99.42244155512516,14926.306417118842
202511,P063,100.0,897041.030759198
202401,P064,4.013321583738154,10488393.094851
202402,P064,4.279252681429268,694982.9039445361
202403,P064,9.481472867810293,13595454.324373208
202404,P064,17.700296617996685,21479029.893478017
202405,P064,28.41455320346482,28000580.676820654
202406,P064,42.8356396029927,37687989.82516979
202407,P064,56.32911438222749,35263774.59347547
202408,P064,70.9344895878984,38169609.20240608
202409,P064,81.48568825334938,27574445.983478777
202410,P064,89.81656854448914,21771877.856404874
202411,P064,95.27790578763832,14272629.45032806
202412,P064,100.0,12340695.679821081
202401,P049,0.0,0.0
202402,P049,1.8448194906174566,4270867.793609696
202403,P049,3.6674877719454004,4219586.415228105
202404,P049,5.606644973777058,4489265.254497717
202405,P049,8.882144635162707,7582978.217077093
202406,P049,15.175953141097082,14570544.26400558
202407,P049,22.67535140986883,17361556.889682233
202408,P049,31.820163070687567,21170787.602501478
202409,P049,43.52671240423132,27101363.996431515
202410,P049,56.78044943448211,30683196.331867
202411,P049,69.07971297264879,28473532.937736362
202412,P049,78.55914019610539,21945442.70397826
202501,P049,85.0342988679196,14990380.777421169
202502,P049,89.46326857689895,10253330.57524336
202503,P049,93.58525874368874,9542654.519020803
202504,P049,96.67376179092881,7150069.837189406
202505,P049,96.86942286205064,452967.1175783848
202506,P049,100.0,7247473.881254234
202401,P057,0.08048169100290953,331266.16561381234
202402,P057,0.22375993524444823,589739.529504393
202403,P057,2.0237541375918577,7408854.984385985
202404,P057,3.617416594190141,6559584.4806605335
202405,P057,4.427692032696317,3335129.198456923
202406,P057,4.941993791129336,2116888.5663496824
202407,P057,5.627729469040028,2822518.0884662415
202408,P057,6.507875434841649,3622719.3494359893
202409,P057,9.217631597131929,11153475.063015869
202410,P057,11.951406560205683,11252337.499167914
202411,P057,13.169102080334168,5012088.1011744365
202412,P057,17.473002994279057,17715044.691254847
202501,P057,18.977997981589574,6194625.293053794
202502,P057,24.794882180322915,23942550.166649755
202503,P057,28.883286816048415,16828052.57043568
202504,P057,34.34410516751887,22476967.542093012
202505,P057,40.408294112995826,24960467.33726303
202506,P057,47.52662197449006,29299349.291429743
202507,P057,52.90509448562244,22138028.456157852
202508,P057,58.974581496851755,24982274.407977905
202509,P057,65.00830568580821,24835073.06493668
202510,P057,69.9972680020498,20534787.431757703
202511,P057,76.79283356089171,27970845.515329204
202512,P057,78.44590615152883,6804119.194785007
202601,P057,82.9092877798157,18371474.297430854
202602,P057,85.69600704202398,11470258.553594708
202603,P057,88.48196652821811,11467131.28223896
202604,P057,90.95301716571126,10170952.666617446
202605,P057,92.22520425288285,5236377.778089969
202606,P057,93.83689803374709,6633802.201189096
202607,P057,96.13815897915141,9472090.856457632
202608,P057,97.39015200961016,5153258.1560729705
202609,P057,97.58499294620954,801973.8299179684
202610,P057,97.58499294620954,0.0
202611,P057,98.36938967678007,3228611.3029945935
202612,P057,100.0,6711663.518151436
202402,P028,1.7923167570267036,5386356.423135552
202403,P028,1.7923167570267036,0.0
202404,P028,4.502571735658742,8144988.465491587
202405,P028,9.619220759824637,15376799.45701451
202406,P028,18.133390535586145,25587192.04043926
202407,P028,39.25354180761807,63471293.238602884
202408,P028,62.11636409720372,68708451.90043692
202409,P028,79.22171842727059,51405832.59323535
202410,P028,90.30214433882294,33299428.265557628
202411,P028,95.51231009356214,15657840.428382616
202412,P028,97.8119666356027,6911038.318234798
202501,P028,100.0,6575582.982277895
202404,P047,3.302691432189301,4820567.973203003
202405,P047,3.937322034633234,926299.0563208029
202406,P047,6.787025738185992,4159392.631287462
202407,P047,8.510908880139398,2516158.7251693485
202408,P047,13.924598617233663,7901755.250018945
202409,P047,19.655921220505608,8365368.292100145
202410,P047,27.26348039345843,11103900.214823678
202411,P047,37.08110868878985,14329690.043709062
202412,P047,42.80851513074696,8359652.3109981315
202501,P047,55.419697433371965,18407127.265885644
202502,P047,64.17749755899408,12782777.82472154
202503,P047,71.63905551882903,10890798.631931255
202504,P047,81.57549041874474,14503098.7089819
202505,P047,87.65286664155771,8870463.917780392
202506,P047,90.0868463732894,3552607.0125277555
202507,P047,93.6790680794327,5243162.815788745
202508,P047,95.50103244215461,2659316.874005529
202509,P047,100.0,6566637.9578949865
202404,P016,1.351648920491621,916951.9160233901
202405,P016,1.674660971286413,219129.7713367759
202406,P016,3.761401202778647,1415634.2112964818
202407,P016,9.713972621559227,4038194.8928954583
202408,P016,20.422436948240332,7264569.0261395285
202409,P016,39.30523468986698,12809996.225032335
202410,P016,61.25326182229182,14889432.623295667
202411,P016,79.99216736519388,12712380.471916996
202412,P016,92.6665144586413,8598214.133485964
202501,P016,97.11448184268512,3017478.9868696583
202502,P016,98.39474147766913,868521.77921987
202503,P016,100.0,1088999.4106078881
202405,P037,1.473433909759944,4644303.783701809
202406,P037,3.6396928139978213,6828107.02182688
202407,P037,4.204615933428508,1780653.0470715358
202408,P037,7.178247511121554,9372967.661552615
202409,P037,13.354102216993077,19466462.111452818
202410,P037,22.269550043810312,28101734.187880438
202411,P037,32.31334586402069,31658317.771532252
202412,P037,50.24093686407052,56508254.73926757
202501,P037,65.94406738364475,49496694.76515847
202502,P037,77.75675851800683,37233923.942986235
202503,P037,87.96666226514328,32181894.477902003
202504,P037,92.51606529997093,14339842.179739779
202505,P037,96.72244262184839,13258615.796928277
202506,P037,100.0,10330950.056069566
202507,P037,100.0,0.0
202405,P004,0.0,0.0
202406,P004,2.3075552975836278,2053913.2605803395
202407,P004,3.7865129664101715,1316393.4883903847
202408,P004,4.30014394213519,457173.6474489405
202409,P004,5.537070800265016,1100966.2385734252
202410,P004,6.8496568180364035,1168309.0890069085
202411,P004,12.23082052356095,4789676.54803512
202412,P004,15.686737563427936,3076049.290381571
202501,P004,20.81923020685825,4568338.930473895
202502,P004,27.761293498182315,6179005.055596834
202503,P004,36.00619573975249,7338638.455980849
202504,P004,45.6343516376198,8569847.532699399
202505,P004,54.20453760727801,7628167.622744758
202506,P004,65.63068155290095,10170204.194798583
202507,P004,72.59590657373819,6199620.892380854
202508,P004,80.0652938003438,6648366.558842419
202509,P004,84.63297137090196,4065607.2433231883
202510,P004,89.71974775597896,4527647.715249585
202511,P004,90.22366529813235,448527.8958002454
202512,P004,93.66493853402311,3063015.1051537585
202601,P004,96.36432256639588,2402672.9349866705
202602,P004,96.36432256639588,0.0
202603,P004,100.0,3236050.7676204704
202604,P004,100.0,0.0
202406,P025,1.1018224791321054,1792846.3715881223
202407,P025,1.5050722804811512,656153.7424447358
202408,P025,3.742934772293147,3641370.297435406
202409,P025,10.496680424624438,10989454.850248564
202410,P025,20.11235918396551,15646290.668911517
202411,P025,38.97362617371467,30690383.18474191
202412,P025,61.598086322194646,36813717.3224972
202501,P025,78.77949110841564,27956971.1211799
202502,P025,90.26408507433693,18687323.058777533
202503,P025,95.40083485132506,8358336.641201414
202504,P025,97.21490256263061,2951786.4952176097
202505,P025,100.0,4531811.548299705
202406,P020,3.752784628743426,9259156.48991795
202407,P020,3.752784628743426,0.0
202408,P020,4.125901925729803,920583.4556641827
202409,P020,4.148515095244129,55792.936706920525
202410,P020,5.253548997460503,2726423.933022784
202411,P020,6.770769720949497,3743402.699140504
202412,P020,8.567780170060592,4433721.251919714
202501,P020,8.892174204226743,800369.7051343716
202502,P020,11.777944698633632,7119993.083815228
202503,P020,14.485573448992769,6680468.184653254
202504,P020,17.725359371147764,7993446.950647575
202505,P020,20.062330012202096,5765952.22441829
202506,P020,23.21582023590969,7780531.620998405
202507,P020,28.355984700903402,12682205.848095337
202508,P020,31.78933053681324,8471012.734173816
202509,P020,37.306275250110396,13611826.816650603
202510,P020,44.2452201428781,17120294.126382094
202511,P020,48.83845105761602,11332769.674056092
202512,P020,53.28949581401401,10981957.138562832
202601,P020,57.64797994488753,10753584.502954707
202602,P020,61.80585115825931,10258617.010597017
202603,P020,67.76019122101542,14691001.986358875
202604,P020,73.00668240729064,12944543.2452017
202605,P020,76.4386749503884,8467673.78692177
202606,P020,79.8422978615548,8397678.067049678
202607,P020,83.40444539137718,8788802.098095316
202608,P020,86.17631717896597,6838973.506419143
202609,P020,88.03210421424085,4578739.328647385
202610,P020,90.26631367285162,5512411.996704093
202611,P020,91.79880237009971,3781073.0086052837
202612,P020,92.58625167404418,1942854.987535006
202701,P020,95.1258605317787,6265916.68939424
202702,P020,97.41576411737294,5649824.795019146
202703,P020,98.12225030856784,1743096.620077022
202704,P020,98.17590029975162,132369.35054801297
202705,P020,100.0,4500557.91863214
202407,P009,1.0387488840609744,1409617.3347858456
202408,P009,1.0387488840609744,0.0
202409,P009,1.0387488840609744,0.0
202410,P009,1.523964858695129,658454.4729283819
202411,P009,4.772120801316415,4407857.368670692
202412,P009,9.501980872114583,6418579.937090103
202501,P009,16.187206770840465,9072077.437004615
202502,P009,26.617902579678976,14154806.663699627
202503,P009,41.50523828596999,20202617.593505155
202504,P009,58.728169506664116,23372099.625851143
202505,P009,72.40228272069477,18556233.676964756
202506,P009,83.45790783565428,15002856.84834091
202507,P009,89.50379916637183,8204478.825231324
202508,P009,94.02516902394834,6135651.6729060775
202509,P009,97.83222493798091,5166303.514993021
202510,P009,98.4156608450009,791742.240007665
202511,P009,98.7019761415972,388539.5320172476
202512,P009,100.0,1761462.2358167428
202408,P013,1.6614268795261555,2359432.9530435116
202409,P013,5.829835200367239,5919658.623037459
202410,P013,6.599939229921454,1093643.5704712006
202411,P013,11.783224936973683,7360910.824884687
202412,P013,18.24009642584474,9169561.147797514
202501,P013,26.109846365830023,11176024.397720817
202502,P013,36.70144678517059,15041390.844711073
202503,P013,48.84923115022672,17251365.733022608
202504,P013,62.793199254405884,19802170.19876982
202505,P013,74.51640384825538,16648409.613962878
202506,P013,83.81788489271733,13209260.761853227
202507,P013,90.17177387095239,9023313.165309709
202508,P013,92.91689196618395,3898409.357463035
202509,P013,94.8219768535608,2705457.6502963942
202510,P013,100.0,7353437.333826627
202408,P032,0.08737099455173991,154647.74911812478
202409,P032,2.0782726348515426,3523920.7126756427
202410,P032,3.6263772851405642,2740164.5225032093
202411,P032,9.464844566411774,10334159.843101269
202412,P032,21.67971165283283,21620466.95683934
202501,P032,40.0413658973927,32500356.82408171
202502,P032,61.38956624511771,37786580.643114544
202503,P032,78.21374611881696,29779008.028634507
202504,P032,88.76514846125872,18676113.63096055
202505,P032,95.35367312205447,11661770.751595829
202506,P032,99.663623179494,7628665.309513547
202507,P032,100.0,595391.164008773
202408,P059,2.7278175069482002,9881757.297841594
202409,P059,2.9038588932976936,637725.3059818756
202410,P059,5.19746674047405,8308794.860539804
202411,P059,6.117357029214252,3332382.9584706575
202412,P059,8.430588445598355,8379882.954862252
202501,P059,11.891548342288921,12537629.672639437
202502,P059,13.361563073811396,5325256.826806019
202503,P059,18.44857452901463,18428143.540986843
202504,P059,23.980950107082403,20041513.995609827
202505,P059,30.379433537197798,23179065.377214022
202506,P059,38.146873829024415,28138231.23936863
202507,P059,46.83088830975907,31458601.336409446
202508,P059,54.95076077057086,29414947.569912203
202509,P059,61.475607690619164,23636828.162167415
202510,P059,68.3550785451351,24921484.354705557
202511,P059,75.4487695334377,25697515.509648576
202512,P059,80.93820179238756,19885948.069368042
202601,P059,86.15159588783801,18885975.699627355
202602,P059,88.47840984972922,8429086.912915232
202603,P059,91.55299744838103,11137962.258634243
202604,P059,93.38600945110122,6640246.1633791905
202605,P059,95.54392441200093,7817235.522052576
202606,P059,95.73167187018521,680131.5741753103
202607,P059,100.0,15462391.6515471
202408,P050,0.6767116200312203,1336971.7198090327
202409,P050,3.6570951196766677,5888310.966239361
202410,P050,4.514562379146871,1694088.6525946257
202411,P050,8.078351024327421,7040938.108559629
202412,P050,13.028549187696777,9780052.175799951
202501,P050,23.184975705046057,20065940.38888835
202502,P050,36.10669567665508,25529300.313382834
202503,P050,50.736244466538096,28903438.963760782
202504,P050,64.86294516442744,27909967.507892404
202505,P050,77.1027927770416,24182132.578249905
202506,P050,86.05856037576132,17693811.742316317
202507,P050,90.67604974822292,9122723.06956264
202508,P050,94.77111334713156,8090572.20313088
202509,P050,98.72178673231093,7805302.042756933
202510,P050,100.0,2525351.9227379775
202408,P065,1.605301630921012,2251872.214637131
202409,P065,1.749978635508665,202948.85425422923
202410,P065,4.288577919420676,3561076.0503989407
202411,P065,11.829544750358677,10578257.28884783
202412,P065,23.707477938254897,16662032.354501382
202501,P065,40.76876111117006,23933090.693430014
202502,P065,60.40353608714122,27543112.99345928
202503,P065,76.8303837320072,23043122.28495534
202504,P065,89.0169537020104,17094979.397383865
202505,P065,95.51702596708431,9118119.51406011
202506,P065,97.47131710343864,2741424.9288110696
202507,P065,100.0,3547165.619664692
202409,P002,2.4358487682843726,4263489.823559059
202410,P002,5.850529095466811,5976748.234621937
202411,P002,5.850529095466811,0.0
202412,P002,9.092997945903953,5675324.8095869
202501,P002,12.202709997061561,5442959.290796825
202502,P002,18.96063732387019,11828466.020283153
202503,P002,26.439566023078044,13090441.744728997
202504,P002,34.44155429941398,14005958.017018504
202505,P002,45.33434728208714,19065761.650084823
202506,P002,54.99750719108809,16913522.9049818
202507,P002,64.97415311341595,17462220.527366932
202508,P002,73.52481008439506,14966298.177119717
202509,P002,81.80698883377444,14496378.130956994
202510,P002,86.86956497924643,8861076.33538145
202511,P002,92.41598389698963,9707951.052170109
202512,P002,95.04184566748708,4596071.432001832
202601,P002,96.36100784198443,2308942.4022636507
202602,P002,100.0,6369363.416858624
202409,P026,1.2298181975063303,409801.53968346515
202410,P026,2.9192163327437894,562943.3345208913
202411,P026,3.8581119036697755,312859.9425082702
202412,P026,7.447355034815224,1196012.0320419436
202501,P026,11.056662158870747,1202697.78055617
202502,P026,14.952477746026632,1298168.484721179
202503,P026,22.387938359255656,2477653.374893512
202504,P026,32.137312247835084,3248698.4162299773
202505,P026,43.476752385596434,3778542.256916935
202506,P026,54.88568548611498,3801698.787852001
202507,P026,67.13504696690151,4081747.3713953677
202508,P026,78.01353417017191,3624942.9504023357
202509,P026,84.8197631232886,2267980.023454679
202510,P026,90.43607509581807,1871474.4165862054
202511,P026,93.58271912290668,1048528.611587777
202512,P026,95.9498652190909,788783.3476842023
202601,P026,97.08440141830722,378051.55445594277
202602,P026,100.0,971539.3627280248
202410,P001,1.657810672117267,3554477.2150685294
202411,P001,1.657810672117267,0.0
202412,P001,2.0340480128363367,806682.6191533362
202501,P001,4.8567875389874535,6052176.824850214
202502,P001,6.045350568018789,2548373.150457001
202503,P001,11.090490614308285,10817179.333550159
202504,P001,17.589528501846626,13934451.309581202
202505,P001,29.044062165868173,24559426.23773869
202506,P001,42.35035447234458,28529743.242638774
202507,P001,57.76645828006841,33053345.988961942
202508,P001,70.90590913461942,28172021.972428594
202509,P001,82.18380493752943,24180700.691330228
202510,P001,90.4170802072199,17652793.43637372
202511,P001,94.60904430115251,8987902.604848757
202512,P001,97.96171320135456,7188387.320620463
202601,P001,98.52258611125356,1202555.8842850577
202602,P001,98.95355110182983,924023.0294447055
202603,P001,100.0,2243669.2125579063
202410,P033,0.32129569815230696,458618.47473793046
202411,P033,0.4998604657659316,254883.90238599753
202412,P033,2.909058276380574,3438896.417225857
202501,P033,4.2627147435598545,1932213.4341263652
202502,P033,9.3111818259579,7206197.550757395
202503,P033,18.574367753864536,13222300.285690576
202504,P033,32.36177230050716,19680183.95558667
202505,P033,49.034007749462226,23798000.52114867
202506,P033,66.46672969177428,24883521.297330502
202507,P033,80.67224363420426,20276994.602203857
202508,P033,90.18940324945879,13584823.113680143
202509,P033,95.09176234943665,6997642.564089576
202510,P033,96.63034152371588,2196172.6790285036
202511,P033,98.96866724251997,3337733.373853163
202512,P033,100.0,1472127.5725221199
202411,P019,0.8320369145194675,1189305.9106858724
202412,P019,1.6113002402127965,1113871.8283467721
202501,P019,4.863847047416027,4649160.482048248
202502,P019,5.102714897352528,341435.507060859
202503,P019,5.305989091106038,290558.2623825974
202504,P019,5.8606553602103535,792834.8620022777
202505,P019,7.7805591924904745,2744292.8743106644
202506,P019,10.10488562951766,3322370.824756465
202507,P019,14.182019685948926,5827817.909705156
202508,P019,18.02402445545167,5491726.270212276
202509,P019,22.018264951766255,5709330.617513921
202510,P019,27.448434162267628,7761833.910702785
202511,P019,33.747828800857334,9004296.74054125
202512,P019,39.46812282496585,8176535.6500587715
202601,P019,46.36210206182796,9854190.49499871
202602,P019,53.44688821968814,10126928.152406404
202603,P019,60.37548628878952,9903674.335300408
202604,P019,67.69359936446614,10460443.502072696
202605,P019,73.42723319682788,8195603.44924669
202606,P019,78.219826103915,6850488.208448987
202607,P019,82.17802616011576,5657814.743995433
202608,P019,85.74966426142828,5105266.642135822
202609,P019,89.2229546635978,4964689.345801935
202610,P019,92.1392458439897,4168519.7827121434
202611,P019,93.03810135105763,1284815.7921284446
202612,P019,94.97715744504262,2771668.940986457
202701,P019,95.2248896194459,354106.0908998794
202702,P019,97.37190179760765,3068919.4544655844
202703,P019,97.46252587355222,129537.22039311973
202704,P019,100.0,3627042.1710071936
202411,P034,1.2253105637821171,966446.5688133872
202412,P034,1.2253105637821171,0.0
202501,P034,4.258179167824029,2392132.6908264193
202502,P034,4.66256164836295,318951.02544352255
202503,P034,6.892245258757115,1758631.7612030823
202504,P034,12.24302520280854,4220352.839725888
202505,P034,19.627036011371533,5824035.245390759
202506,P034,30.484306037687116,8563519.873055603
202507,P034,43.562019045111015,10314863.217157785
202508,P034,57.55458208266817,11036438.382454682
202509,P034,70.76269250200299,10417712.35193915
202510,P034,81.17423601901996,8211959.323205154
202511,P034,88.60120794643392,5857920.226989002
202512,P034,93.04750291358457,3506952.9651905354
202601,P034,96.1322060276212,2433016.4355775346
202602,P034,97.56843657218774,1132806.7535277822
202603,P034,99.34205757119723,1398918.755402895
202604,P034,100.0,518942.8881037978
202412,P060,1.3392021960537326,3902224.542772274
202501,P060,1.3506298541522743,33298.398128336725
202502,P060,1.5391862127782145,549423.5691175588
202503,P060,1.724604210304511,540278.8785374516
202504,P060,2.6207911983482783,2611347.912931019
202505,P060,2.9159878129667423,860156.5005656842
202506,P060,3.953803004594821,3024030.2200568607
202507,P060,4.960582942719072,2933598.3731926125
202508,P060,5.924622489692399,2809059.596443075
202509,P060,7.929272388735517,5841234.474348303
202510,P060,9.46830411508309,4484496.360859998
202511,P060,12.945370275927678,10131623.850134667
202512,P060,17.146833994736284,12242404.386293573
202601,P060,22.0634633663979,14326284.603137854
202602,P060,26.874262987063336,14017913.355756612
202603,P060,34.148046984220294,21194662.40136844
202604,P060,38.527082114467824,12759819.54724056
202605,P060,46.92153739627846,24460122.243237033
202606,P060,52.77924805183171,17068447.432296045
202607,P060,60.717463935770176,23130712.404302634
202608,P060,68.18178954685702,21749870.692160998
202609,P060,74.41221993241817,18154494.096719164
202610,P060,80.2209141124853,16925621.13302196
202611,P060,83.39191466097004,9239796.79984411
202612,P060,87.62449643645722,12333077.508584088
202701,P060,89.43860886956827,5286038.270168894
202702,P060,91.09576070006442,4828679.7640545545
202703,P060,93.4381768100368,6825432.082365421
202704,P060,95.27398751554561,5349263.622797358
202705,P060,96.99719518862719,5021156.09876334
202706,P060,97.78726914156553,2302151.2202160414
202707,P060,97.78726914156553,0.0
202708,P060,98.78872354561274,2918080.6045987112
202709,P060,99.88524811525932,3195100.112616588
202710,P060,100.0,334368.9416609201
202711,P060,100.0,0.0
202412,P018,1.063538050812141,2504365.3627013415
202501,P018,1.063538050812141,0.0
202502,P018,3.2019236271022775,5035361.70170098
202503,P018,3.2019236271022775,0.0
202504,P018,3.2019236271022775,0.0
202505,P018,3.2019236271022775,0.0
202506,P018,3.2019236271022775,0.0
202507,P018,5.105005085549501,4481279.5210241405
202508,P018,7.910146778457279,6605405.126617824
202509,P018,12.368816634906503,10499049.228831343
202510,P018,15.657119200873899,7743127.800648201
202511,P018,20.5763582269565,11583574.107538942
202512,P018,27.81783243902021,17051855.528571676
202601,P018,36.36103926631946,20117109.34869132
202602,P018,44.853050657137686,19996556.936153226
202603,P018,55.45022030108626,24953676.62558855
202604,P018,65.59138925817552,23879909.377988487
202605,P018,71.87896201523188,14805656.85093471
202606,P018,80.44178985116118,20163311.902851753
202607,P018,85.71116423115399,12408055.048225857
202608,P018,89.6693508478041,9320536.72576825
202609,P018,92.43381581163848,6509621.631817999
202610,P018,94.96962540555502,5971195.584926069
202611,P018,96.05749376941375,2561657.1476177736
202612,P018,99.26557425192219,7554224.91467723
202701,P018,99.26557425192219,0.0
202702,P018,99.92199807973779,1545713.4762389371
202703,P018,100.0,183674.958483797
202704,P018,100.0,0.0
202705,P018,100.0,0.0
