po_id,project_id,vendor_key,po_issue_month_key,expected_payment_month_key,status,committed_amount,invoiced_amount,paid_amount,retainage_pct
PO100001,P056,9,202207,202211,Partially Invoiced,7569197.48626537,5721146.821164327,5166549.963923271,0.0
PO100002,P056,3,202302,202303,Partially Invoiced,13318790.56865987,6573870.316355089,4830456.06479306,0.03497370505697186
PO100003,P056,7,202304,202304,Partially Invoiced,4852118.744733667,3521339.12597957,2590572.03546856,0.0
PO100004,P056,1,202302,202306,Partially Invoiced,1473706.128216374,1228488.0660960765,991048.0374053948,0.0
PO100005,P056,5,202304,202304,Partially Invoiced,25630376.82979234,12645147.975543505,12215825.632828295,0.0
PO100006,P056,7,202210,202211,Open,2019114.490721195,198095.85473274282,73391.6458604891,0.0
PO100007,P056,10,202301,202303,Partially Invoiced,2265895.2564965882,1769647.6170196761,1699020.0343015648,0.0
PO100008,P056,11,202207,202208,Open,5615752.140656121,23935.105510247668,8837.23827190066,0.0
PO100009,P056,13,202211,202302,Closed,4635294.822372153,4382367.8171094395,3589745.0671365634,0.0
PO100010,P056,13,202302,202303,Partially Invoiced,1931758.4027961458,924932.9989917594,788431.8113538367,0.06408650053205447
PO100011,P056,8,202209,202210,Closed,19939423.7584868,18030399.683399636,13792755.225996023,0.0
PO100012,P056,9,202212,202304,Partially Invoiced,7047274.52365035,4322183.547863442,3599885.301220433,0.0
PO100013,P056,9,202304,202306,Partially Invoiced,9963554.683681179,8382874.978780263,7441978.389217272,0.0
PO100014,P036,3,202301,202302,Partially Invoiced,8616601.115447063,6737062.858700022,6395034.903093084,0.0
PO100015,P036,9,202305,202308,Partially Invoiced,1517799.398904614,964815.3258451428,873531.8783857375,0.0
PO100016,P036,14,202304,202307,Closed,15793496.739642676,14537419.011280155,13419945.715849621,0.04354677540970553
PO100017,P036,5,202212,202212,Partially Invoiced,12975968.581428926,4283294.295734427,4159997.9588376577,0.0
PO100018,P036,2,202307,202308,Partially Invoiced,1680060.17774962,876636.1351713006,634138.2889489917,0.048770231200158665
PO100019,P036,13,202209,202209,Partially Invoiced,10229313.466543106,5719061.7574452385,5625590.534804739,0.057526709171459335
PO100020,P036,7,202306,202307,Partially Invoiced,9782653.987423811,7911966.270950107,7684755.12201377,0.0
PO100021,P036,6,202209,202209,Open,51257114.08319438,6480142.124468461,2010331.592787292,0.0
PO100022,P036,6,202211,202212,Partially Invoiced,4276523.065578235,1811837.6466778321,1394933.1101491568,0.0
PO100023,P036,13,202212,202304,Closed,3482847.8864069874,3263283.0069465605,2904964.2240581783,0.07929486566049238
PO100024,P036,14,202211,202301,Open,1050809.714026479,179636.930742963,79964.39472377412,0.0
PO100025,P036,10,202301,202303,Partially Invoiced,17353283.39088532,11579664.928184452,10326857.411988955,0.0
PO100026,P051,11,202301,202304,Partially Invoiced,6924324.534692175,5060324.20428317,4746492.823410712,0.0
PO100027,P051,4,202207,202209,Closed,8195054.347260537,8207449.038755536,7511965.499058291,0.03580588981900333
PO100028,P051,7,202307,202311,Open,4921203.810864738,400692.39337438135,47594.3289637765,0.0
PO100029,P051,2,202210,202301,Partially Invoiced,4451442.226364469,2316266.0184627897,1707068.6950984318,0.05373334785361837
PO100030,P051,14,202211,202303,Partially Invoiced,3355507.916327859,2659600.7833973086,2031471.9900546023,0.0
PO100031,P051,6,202303,202303,Open,13434620.85142681,1237025.6351021735,239030.99035224156,0.0
PO100032,P051,8,202307,202310,Partially Invoiced,39854374.88313762,21275976.745928504,18971703.367098525,0.0
PO100033,P051,8,202212,202304,Closed,11080210.821627958,10084101.990968902,8280226.308873138,0.0
PO100034,P051,3,202303,202303,Partially Invoiced,32520372.883121494,9083305.894916039,6916360.994172439,0.0
PO100035,P051,10,202306,202309,Closed,3113365.5051468597,2870873.090999206,2658396.518305537,0.0
PO100036,P051,2,202209,202209,Closed,26542227.87130669,25755254.81615571,20046557.948050532,0.05403894349030153
PO100037,P051,14,202208,202209,Partially Invoiced,5753423.233616279,1474191.241096861,1238371.808610512,0.038855349595830604
PO100038,P051,10,202303,202306,Open,15587140.474656085,1563361.6576546272,405469.9435998757,0.0
PO100039,P041,9,202305,202305,Closed,7175492.0527777895,6850993.300829756,5378952.555770335,0.0
PO100040,P041,3,202304,202306,Partially Invoiced,1972580.782124709,1430870.868823134,1081252.7078009197,0.0
PO100041,P041,7,202207,202209,Closed,2352576.793953379,2151417.6736807083,1886079.2305635975,0.0
PO100042,P041,14,202312,202402,Closed,10026621.803597817,9304288.623655755,8615768.703681674,0.0
PO100043,P041,14,202209,202210,Open,2459061.174679443,316020.37419978436,110682.8461607063,0.07350216516595867
PO100044,P041,6,202209,202209,Partially Invoiced,16270763.752181273,12412109.63592391,12195963.832191236,0.0
PO100045,P041,9,202312,202312,Partially Invoiced,26358878.224137645,12891364.47691658,12234606.471898861,0.0
PO100046,P041,6,202212,202212,Closed,56890282.54708555,57944540.23392084,54915610.92179116,0.0
PO100047,P041,10,202402,202403,Partially Invoiced,8359474.697616095,2986477.640749106,2206273.7144007306,0.0
PO100048,P041,3,202308,202312,Partially Invoiced,14798408.860949617,6233684.173028746,5602605.410420758,0.0
PO100049,P041,8,202211,202301,Partially Invoiced,17070690.038376085,5054059.79110289,3639275.3198520895,0.0
PO100050,P041,4,202312,202401,Closed,14854703.795463564,13416367.071171103,9820536.438943148,0.0
PO100051,P041,13,202310,202402,Partially Invoiced,9957600.317020701,8156399.81839483,6992883.768948752,0.036353678842353986
PO100052,P041,13,202210,202302,Partially Invoiced,6747835.23361813,2338543.1325703943,1904360.922105957,0.0
PO100053,P041,10,202404,202407,Open,15929640.19470361,1355944.4225551286,661007.8020008256,0.0
PO100054,P061,3,202302,202304,Closed,9175080.718563858,8357472.133641341,7372091.197796032,0.06434644105664976
PO100055,P061,2,202304,202305,Closed,16944887.46810897,17227978.102679096,14586151.116682831,0.045742413010434003
PO100056,P061,14,202304,202307,Closed,28959731.1247598,28438485.644813117,20059736.297381315,0.040668006740487136
PO100057,P061,9,202302,202302,Partially Invoiced,26201124.55619373,7110883.690775806,5509520.756996867,0.0
PO100058,P061,12,202303,202304,Partially Invoiced,7399238.91764892,2599042.003933499,1942524.4033157167,0.0
PO100059,P061,1,202209,202212,Closed,9559398.063819,9664321.703904254,8969292.059215266,0.0
PO100060,P061,3,202210,202211,Open,26381943.90888046,5591786.992225259,227403.16991515903,0.0
PO100061,P061,12,202212,202304,Partially Invoiced,6708958.773286355,3349155.0824945173,2358187.783928731,0.0
PO100062,P061,1,202305,202309,Open,3111989.2909943317,619825.2201572377,109413.17818153262,0.0
PO100063,P021,5,202405,202406,Partially Invoiced,7986945.395349183,2781475.2249178533,2618052.4217484556,0.0
PO100064,P021,13,202403,202405,Partially Invoiced,13438971.398461657,9381027.142520577,8609181.871443981,0.06524713003841001
PO100065,P021,9,202309,202310,Open,6972739.5320732035,1718300.0803381982,794449.5965779254,0.0
PO100066,P021,7,202312,202403,Partially Invoiced,9624442.21692881,3765419.33785992,3314863.2007745123,0.0
PO100067,P021,11,202310,202310,Closed,10505709.558490206,10408798.714872116,9301742.320800317,0.04210175755091109
PO100068,P021,5,202212,202304,Open,1166463.990186904,33819.29163953164,359.95075190209815,0.0
PO100069,P021,8,202302,202304,Partially Invoiced,5070468.457373718,1979721.7376480887,1410038.8285896727,0.0
PO100070,P021,8,202301,202304,Closed,1074863.4160874756,1043824.219332076,995590.7495164821,0.0
PO100071,P021,5,202403,202407,Open,6344704.440110004,32567.160798147408,3817.582061769482,0.0
PO100072,P021,5,202308,202309,Partially Invoiced,4014375.886953503,2356408.167542176,1679100.6805197257,0.0
PO100073,P021,5,202208,202210,Closed,25098418.960795134,24940394.385673575,19524811.940845445,0.0
PO100074,P021,14,202210,202210,Closed,7902082.250198294,7752551.540041154,5918696.432050293,0.0
PO100075,P021,1,202404,202406,Open,4360228.904442954,208283.4138372242,87725.69792666649,0.0
PO100076,P011,13,202210,202212,Open,39653824.99858068,8670254.968550045,2876287.729304076,0.07247223322119163
PO100077,P011,14,202209,202301,Closed,35441785.23170832,32769617.266144946,27749251.77775088,0.0
PO100078,P011,13,202209,202211,Partially Invoiced,20396292.622184873,8868688.4773568,6490093.49188515,0.035798956129824554
PO100079,P011,14,202306,202308,Closed,79502085.17862286,80764777.15714084,59870980.17169689,0.07229351968842337
PO100080,P011,11,202212,202303,Partially Invoiced,20343693.06547702,14544866.362941092,12614347.367048314,0.0
PO100081,P011,9,202310,202311,Partially Invoiced,39240324.89983558,13538951.409800217,12952890.401624866,0.0
PO100082,P011,10,202303,202304,Open,1977506.008566998,475523.9702014237,103303.0698799207,0.0
PO100083,P011,8,202208,202209,Closed,6985746.01145011,6925963.199495018,6305835.1500091255,0.0
PO100084,P011,11,202310,202311,Closed,23013054.18843935,21693130.873199765,18031288.700779036,0.0
PO100085,P011,14,202306,202309,Open,3297064.956774624,165800.17197060067,22841.111724148785,0.0
PO100086,P042,1,202303,202306,Closed,1733284.9599437872,1656581.0532192222,1522792.5604190947,0.0
PO100087,P042,12,202401,202404,Partially Invoiced,24830984.668449406,7889150.0004033465,6704111.724239616,0.0
PO100088,P042,13,202303,202305,Closed,3993479.27857434,3703971.327478732,3291783.4447225314,0.056034662440245506
PO100089,P042,14,202210,202302,Partially Invoiced,4603691.4740611175,3172962.8784608417,2688119.4867226994,0.0
PO100090,P042,12,202310,202310,Partially Invoiced,35024772.994978674,16028201.599502211,13592244.828823648,0.0
PO100091,P042,3,202405,202409,Open,8576941.095393546,903327.9266271602,49456.21587705891,0.03736279959797031
PO100092,P008,14,202401,202402,Closed,2331671.643224493,2344187.8317085933,2090686.3013328782,0.0
PO100093,P008,2,202211,202211,Closed,9656641.6891568,9315221.88536209,6618872.949445972,0.036276604527831866
PO100094,P008,9,202309,202309,Open,8573098.596364595,25873.20351233247,11014.506075942241,0.0
PO100095,P008,12,202404,202405,Closed,2031756.2973840032,1925784.4235943106,1420664.0828108178,0.0
PO100096,P008,10,202304,202304,Closed,18982011.631695405,19049813.00334709,15400891.834481642,0.0
PO100097,P008,9,202307,202308,Closed,9278879.72407441,9026586.11191111,8326518.991237977,0.0
PO100098,P008,13,202403,202407,Partially Invoiced,3187425.930808038,922829.1763252902,865935.1867144458,0.0
PO100099,P008,6,202406,202410,Partially Invoiced,16955248.78882553,7604756.900032227,6409463.222502106,0.0
PO100100,P008,11,202309,202401,Partially Invoiced,22845023.38213236,11561125.29376555,10103047.384324681,0.07263044283304783
PO100101,P008,2,202405,202408,Closed,2038547.2457568585,2037992.4121334678,1840588.6600869696,0.05813492569838902
PO100102,P008,3,202404,202407,Open,3398735.3766141417,194541.88276436768,88012.93669046053,0.044946581163831115
PO100103,P039,1,202310,202312,Partially Invoiced,52251252.448151104,20965869.527144313,17196480.193422504,0.0
PO100104,P039,10,202306,202306,Open,29284947.68357115,2376363.9741824926,39190.392196872475,0.0
PO100105,P039,2,202312,202401,Partially Invoiced,15045791.864271274,8058725.720163723,5658769.461336655,0.0
PO100106,P039,12,202304,202304,Open,17974968.363049734,663289.4021497112,308980.8590470821,0.0
PO100107,P039,9,202305,202307,Open,62274064.261995584,1365007.36160077,171079.11938067336,0.0
PO100108,P039,9,202305,202307,Open,6417137.946157315,1535172.9499553116,235323.29252407784,0.0
PO100109,P043,2,202407,202411,Closed,13548867.885442354,12820878.233903315,11766893.249441423,0.0
PO100110,P043,11,202410,202501,Partially Invoiced,1860003.5687529298,698385.0089616602,554969.5524834787,0.0
PO100111,P043,9,202312,202401,Open,2601431.9896467244,202145.9287460669,94408.33641489838,0.0
PO100112,P043,6,202403,202405,Open,4487797.054822952,1106070.3150989842,536843.042905713,0.0
PO100113,P043,6,202304,202304,Open,4054935.35363047,249979.7933897631,67078.63265800786,0.0
PO100114,P043,6,202405,202408,Partially Invoiced,13821672.454044148,9623834.703811375,7042590.595753915,0.0
PO100115,P043,4,202312,202401,Closed,3629803.5618166076,3294892.0453573465,3268544.139303745,0.07932741657704537
PO100116,P043,7,202312,202404,Partially Invoiced,8492417.115694545,3364749.4892340456,3325880.307038235,0.0
PO100117,P043,12,202312,202312,Closed,4011419.8949145717,3759773.3744132654,2731963.721988508,0.0
PO100118,P043,2,202312,202312,Closed,2643653.1621650355,2623451.141020707,2089793.0738103807,0.0
PO100119,P043,6,202407,202409,Partially Invoiced,5107017.226950551,1948636.0899668254,1392105.9386428737,0.0
PO100120,P027,10,202310,202310,Open,35929234.11017682,4586219.22256072,1159995.522928492,0.0
PO100121,P027,5,202306,202306,Partially Invoiced,16618298.621036565,5313009.071227591,4194360.929164752,0.0
PO100122,P027,9,202211,202211,Closed,9586102.231222944,9432010.367750103,7330471.160718445,0.0
PO100123,P027,6,202311,202312,Open,20743279.549584817,4686353.972580059,1908779.379976963,0.0
PO100124,P027,5,202211,202212,Partially Invoiced,6928491.117542374,2341141.1700223717,2274345.995354198,0.0
PO100125,P027,1,202310,202402,Closed,4233721.005302815,3811991.661247235,2952309.756018249,0.0
PO100126,P027,13,202401,202401,Partially Invoiced,5219601.4816930145,2752469.868372951,2440328.4849935817,0.0
PO100127,P027,9,202210,202302,Closed,37347963.66083098,35312848.44290375,25234293.883741394,0.0
PO100128,P058,1,202404,202406,Partially Invoiced,7076862.594714225,2684579.534870754,2424023.06765485,0.0
PO100129,P058,1,202302,202302,Open,7852370.0547074955,110496.8575264974,33818.30280254656,0.0
PO100130,P058,6,202305,202308,Closed,3696095.5255704923,3692157.892395017,2802602.498277647,0.0
PO100131,P058,4,202307,202307,Partially Invoiced,2204075.293902208,793926.6718211821,740607.7613808288,0.06589595533591473
PO100132,P058,12,202502,202503,Closed,6414072.557291154,6510404.532100123,6195331.683429786,0.0
PO100133,P058,13,202212,202301,Open,6022954.355720411,94179.91803143307,26849.995809064167,0.0
PO100134,P058,2,202301,202305,Closed,5514610.81737426,5153790.703904785,4609850.299735005,0.07055250153256448
PO100135,P058,6,202304,202304,Partially Invoiced,5294972.917392139,4261251.026671551,3364046.836309472,0.0
PO100136,P058,7,202502,202504,Closed,13828686.155376613,13069222.505498743,12444732.666063106,0.0
PO100137,P058,11,202212,202303,Partially Invoiced,26931984.943350706,18747777.43327699,16777874.876703728,0.04425357942427358
PO100138,P058,6,202405,202405,Closed,6312297.604090016,6002061.020180193,4217582.615171321,0.0
PO100139,P058,10,202310,202312,Partially Invoiced,11180591.97308694,4272810.37307232,4265921.090002803,0.0
PO100140,P058,10,202311,202403,Partially Invoiced,12447035.618458096,7570909.071331836,6168619.871041384,0.0
PO100141,P058,9,202306,202308,Partially Invoiced,12181472.292586798,4949029.869695094,3676194.6416340633,0.0
PO100142,P046,10,202406,202407,Closed,23136592.9629079,22618879.779480543,22442707.683099106,0.0
PO100143,P046,4,202405,202405,Open,14802765.809434578,833307.6438349221,192583.14672259998,0.0
PO100144,P046,13,202408,202410,Open,33329333.014179073,6572260.558548791,2032587.1179652251,0.0
PO100145,P046,4,202312,202402,Closed,32152825.87989264,31271085.09307774,29930750.520114,0.0
PO100146,P046,12,202402,202403,Partially Invoiced,10499669.04247498,3246142.5498845414,2394004.425245104,0.0
PO100147,P046,9,202311,202401,Partially Invoiced,3577569.847348817,1669278.6386072612,1293103.874106758,0.0
PO100148,P046,1,202302,202306,Closed,11512223.779314658,10979970.643109983,8073861.276683768,0.0
PO100149,P046,13,202401,202402,Partially Invoiced,12979502.310531342,8125206.540945647,7977119.699740833,0.0
PO100150,P046,13,202409,202501,Open,19998772.480030492,3219297.2776129725,752904.7296159654,0.0
PO100151,P046,8,202407,202411,Closed,4285254.492845125,4096405.9452266004,2995505.704507318,0.0
PO100152,P046,6,202403,202404,Closed,10489233.238287095,9983291.535509912,7234663.642620005,0.0
PO100153,P046,1,202312,202403,Closed,21606870.34470657,19465583.271120142,17741088.810814753,0.0
PO100154,P046,4,202311,202403,Closed,7314043.0446587745,7398054.48994362,5920584.695648386,0.0
PO100155,P046,11,202402,202406,Open,2460226.7342591425,551206.417757915,26915.89263093306,0.0546023463496836
PO100156,P046,11,202309,202312,Closed,1621808.8688469362,1614567.9417659077,1343040.7566795486,0.0
PO100157,P046,8,202408,202412,Open,17523101.070201285,4047660.0760175954,1273511.8496717,0.0
PO100158,P046,7,202306,202310,Open,6137102.231029611,1364923.3825966048,651815.5554879725,0.0
PO100159,P046,8,202409,202411,Closed,11287404.467653941,11009587.078237511,7907254.198086013,0.0
PO100160,P035,9,202303,202307,Partially Invoiced,10426737.738927832,3699246.513281526,2901138.0467565698,0.0
PO100161,P035,7,202309,202311,Partially Invoiced,8510279.665911617,6125167.441995171,5486394.162007447,0.0
PO100162,P035,13,202309,202401,Partially Invoiced,79666799.9187548,44002948.674999915,36110912.90609325,0.0
PO100163,P035,1,202312,202403,Partially Invoiced,16406650.742002616,12070385.574723445,9406296.785225749,0.0
PO100164,P035,12,202403,202406,Partially Invoiced,23804035.709092088,9827007.399107592,9160849.152629195,0.0
PO100165,P035,14,202409,202409,Partially Invoiced,21286486.850238908,13293524.75335313,10310511.39412483,0.03593777853269335
PO100166,P035,2,202406,202410,Closed,12329151.090347195,11407335.029034916,10084585.009080913,0.04981437101139902
PO100167,P045,9,202212,202302,Closed,14333527.916827975,13869818.84203222,11612518.156832641,0.0
PO100168,P045,6,202311,202402,Closed,36970695.48799245,35563127.995641015,27101490.264454536,0.0
PO100169,P045,4,202310,202310,Closed,53955935.92952693,50328606.99223304,47501247.26919285,0.0
PO100170,P045,3,202304,202308,Open,29280216.305138525,6280712.932356725,2154622.2573416475,0.0
PO100171,P045,11,202308,202309,Open,69854999.9266163,9167395.928491151,3204295.5965401097,0.05091495379724801
PO100172,P045,7,202301,202304,Closed,58546073.898584895,58206489.66506928,49328096.02322659,0.0
PO100173,P045,6,202309,202311,Open,13663087.461723408,1082277.4977808823,74461.98570301104,0.0
PO100174,P006,7,202402,202402,Closed,15503344.252884898,15119026.705914674,12461039.127231162,0.0
PO100175,P006,5,202303,202306,Closed,2521728.7304740166,2486443.2749184035,2469361.5246647024,0.0
PO100176,P006,13,202306,202307,Partially Invoiced,8990539.334543193,7015760.6375628,6656330.715209494,0.06972087092625906
PO100177,P006,14,202312,202404,Partially Invoiced,8618021.869215887,4858121.028489223,4525928.583482769,0.0
PO100178,P006,3,202303,202307,Closed,27871968.259227376,26924511.87992862,26118748.373653095,0.051620427566505755
PO100179,P006,3,202303,202306,Partially Invoiced,15589044.925228994,11854094.184669824,10923070.668783644,0.06884045646667375
PO100180,P006,5,202310,202402,Open,11927667.28551322,2772239.6123856087,179960.72649150915,0.0
PO100181,P006,6,202303,202305,Closed,6319784.753349093,6442557.2560556,6124774.670249554,0.0
PO100182,P006,8,202401,202403,Closed,7075254.393231806,6535077.561089172,5724556.177318432,0.0
PO100183,P006,3,202312,202403,Closed,14581635.92361747,14005697.836834125,12727665.35155574,0.058910847803495245
PO100184,P006,1,202309,202310,Closed,3313789.7743796455,3005943.5572704454,2139549.232496568,0.0
PO100185,P006,12,202309,202401,Open,1639957.1781179425,52581.596380501425,23545.41262891595,0.0
PO100186,P006,7,202305,202308,Closed,8056418.4030407015,7852063.916952374,6942275.903425493,0.0
PO100187,P006,13,202311,202403,Partially Invoiced,4408759.397489916,1163962.9516405305,1096388.0205237444,0.07866707625953745
PO100188,P053,10,202407,202408,Open,15577677.131705107,610125.824790468,218138.6517666848,0.0
PO100189,P053,2,202301,202303,Closed,6675089.553737658,6756829.847268651,6112938.286475172,0.0
PO100190,P053,14,202309,202311,Closed,6899963.049093744,6900937.702216914,5958035.3152733985,0.04812809224592228
PO100191,P053,2,202302,202306,Closed,1048917.8848843102,978525.9650448218,950984.5662534456,0.06788803676033887
PO100192,P053,14,202310,202311,Closed,2444973.2342168624,2423645.6606290466,1726031.3479923378,0.05005674630262427
PO100193,P053,4,202309,202311,Open,4490657.686907811,478161.65193508606,46766.646510931234,0.06354779290108906
PO100194,P053,8,202409,202410,Partially Invoiced,1476459.4447523092,426822.2712654795,384292.8976111,0.0
PO100195,P053,4,202401,202404,Partially Invoiced,4812770.958334345,1363139.062864023,961286.4944002623,0.0
PO100196,P053,3,202301,202302,Partially Invoiced,12917907.659710173,5784431.077088019,4075904.1693967106,0.045498387139044874
PO100197,P053,7,202412,202501,Open,6393580.172122375,1066802.578005761,219064.8077264072,0.0
PO100198,P053,5,202409,202409,Closed,26432074.938615657,26797838.857100997,25355301.330311045,0.0
PO100199,P053,1,202406,202408,Closed,2803647.240713997,2847129.2655704864,2062485.3802108737,0.0
PO100200,P053,4,202307,202311,Open,915542.6827844747,81667.15349949947,29140.23246986626,0.04412447391891949
PO100201,P044,7,202311,202401,Partially Invoiced,3427848.919486943,926131.6034859447,831913.0914104392,0.0
PO100202,P044,14,202307,202311,Closed,2180045.3092226353,2116955.444979678,1589413.717102238,0.05723394707160387
PO100203,P044,3,202311,202402,Partially Invoiced,8586932.362322591,3577950.385584919,3110879.672132901,0.04436833724569186
PO100204,P044,6,202311,202312,Partially Invoiced,12080205.934005866,4463426.523576811,3601492.778446445,0.0
PO100205,P044,5,202302,202304,Partially Invoiced,7785089.509192644,4515424.890383923,3477411.23843809,0.0
PO100206,P044,5,202302,202303,Closed,46777836.47442583,42327209.508797534,33118531.975991692,0.0
PO100207,P044,12,202302,202305,Closed,7193730.732848022,7180232.200491174,5297910.421099683,0.0
PO100208,P044,14,202303,202305,Closed,6430884.62707553,6327143.271294865,5976404.350216641,0.0
PO100209,P044,9,202312,202403,Closed,18262287.283790108,17944180.571932707,17517656.73678859,0.0
PO100210,P044,5,202303,202306,Open,9752172.753375001,677408.7033411352,279409.0773144103,0.0
PO100211,P044,3,202402,202404,Closed,10470834.65088673,10143207.46274978,7183259.7465952495,0.0
PO100212,P044,5,202303,202304,Partially Invoiced,16307759.245993402,8675500.71707011,6610325.1847292185,0.0
PO100213,P052,8,202504,202508,Partially Invoiced,1936532.4708451203,977526.751099474,881446.7997111302,0.0
PO100214,P052,10,202305,202308,Partially Invoiced,1636771.005547697,1339729.5201812994,1329504.9998178391,0.0
PO100215,P052,13,202512,202602,Open,21859124.556421466,1948698.2201340052,390226.53769611113,0.0
PO100216,P052,12,202312,202402,Partially Invoiced,3733710.684342997,2678703.0418331297,2416937.5602519647,0.0
PO100217,P052,2,202304,202308,Partially Invoiced,4497828.806500903,1721765.3683713197,1710800.6554264,0.049762571815327956
PO100218,P052,4,202505,202507,Partially Invoiced,6059124.728280205,1905887.5615724095,1606917.3819532052,0.06169885229075769
PO100219,P052,14,202402,202402,Closed,6204255.460897773,5767577.09417085,5243795.48347873,0.0
PO100220,P052,4,202407,202407,Closed,2968221.7929080264,2713251.1795106987,2363435.300336046,0.0
PO100221,P052,14,202506,202509,Partially Invoiced,1989544.275702891,1436439.68430076,1402020.8135045457,0.0
PO100222,P052,2,202412,202501,Open,3813589.92725532,185850.2205649033,66884.30932676664,0.035219279467428644
PO100223,P052,8,202305,202305,Partially Invoiced,4401545.440221025,2516683.9911271045,2350488.303952154,0.0
PO100224,P052,9,202303,202307,Closed,9000559.155525522,8922265.95947383,7882835.979820858,0.0
PO100225,P052,10,202311,202403,Closed,2598187.073972161,2636667.029550648,2363517.209433149,0.0
PO100226,P052,13,202406,202406,Partially Invoiced,3658039.9627018487,1642304.0118751433,1149674.2524799365,0.0
PO100227,P052,2,202503,202503,Open,3356068.188505388,583520.8253760732,151163.10112123567,0.05643336434564754
PO100228,P023,4,202402,202405,Partially Invoiced,8887396.763944041,4580602.553597253,3532593.158779204,0.0
PO100229,P023,8,202405,202405,Closed,10107908.53507797,9619456.579804193,8440631.927790577,0.0
PO100230,P023,5,202308,202309,Closed,10651456.974943325,9702899.064801784,9470004.39864465,0.0
PO100231,P023,5,202304,202307,Partially Invoiced,8771044.046584016,2347432.7931767856,2148391.1265590484,0.0
PO100232,P023,1,202311,202403,Closed,12417400.761281032,11502396.317555076,10287773.741626626,0.0
PO100233,P023,14,202303,202307,Partially Invoiced,11029179.266570412,7225404.5009093555,6015322.304574031,0.0
PO100234,P023,4,202403,202406,Closed,3339170.4721429935,3146954.1524759596,2954522.6502051246,0.0
PO100235,P023,4,202405,202407,Open,1448541.778961628,152591.73977520724,35541.87162497852,0.0
PO100236,P023,10,202308,202308,Partially Invoiced,10118305.658759037,8436021.389975507,6606853.841305469,0.0
PO100237,P023,1,202404,202405,Closed,7106238.539810651,7082589.694993299,5216819.810894758,0.0
PO100238,P023,10,202307,202311,Closed,685308.9082819293,678092.7091712377,660063.3743371714,0.0
PO100239,P023,7,202303,202305,Partially Invoiced,1136916.954977004,598986.5922213665,451848.3404014958,0.0
PO100240,P023,4,202402,202406,Closed,1659691.0434371496,1576246.3608765618,1394167.7879585903,0.0
PO100241,P023,13,202309,202309,Partially Invoiced,4954418.427353927,2672792.170212318,2069656.5668791619,0.05921840831132512
PO100242,P023,12,202304,202305,Closed,1509304.366748173,1385128.3910382343,1030891.6251386435,0.0
PO100243,P023,14,202305,202305,Open,9591502.575254105,1637166.7997675983,554252.5170914772,0.06554785244226323
PO100244,P023,10,202310,202311,Partially Invoiced,3361569.7182743796,2324753.665975929,1731457.1509596372,0.0
PO100245,P023,10,202304,202308,Closed,21389651.54165099,19490372.90736603,15782677.141052714,0.0
PO100246,P062,4,202305,202307,Partially Invoiced,12039012.769913798,4628341.921184229,3423021.5267579956,0.07468531346748035
PO100247,P062,10,202404,202408,Partially Invoiced,27727330.592369195,9983191.889658645,8707809.562253665,0.0
PO100248,P062,1,202304,202306,Open,56330924.47894005,11366897.188259514,245033.63981542972,0.0
PO100249,P062,12,202308,202312,Partially Invoiced,39002135.76102684,18377221.152713455,15051734.932867689,0.0
PO100250,P062,3,202305,202309,Partially Invoiced,1242019.8751270662,791672.337480326,656396.5731442517,0.061549027311429264
PO100251,P062,13,202404,202405,Partially Invoiced,10343209.703979304,6632911.77478039,6108617.42708727,0.04792623611370601
PO100252,P062,2,202402,202406,Open,9867048.157802537,774131.6689087742,47759.762895654174,0.058237297190117235
PO100253,P062,12,202310,202402,Closed,5675368.934634417,5459214.840505676,5047525.706171444,0.0
PO100254,P062,6,202304,202304,Partially Invoiced,2441298.878350891,1427316.5901724906,1124468.0660316702,0.0
PO100255,P062,9,202308,202312,Closed,6262804.4226621995,5987438.559832396,5339718.59962937,0.0
PO100256,P062,9,202308,202312,Partially Invoiced,26792846.481283862,20061054.170467995,18691733.125024065,0.0
PO100257,P062,3,202308,202311,Open,9899623.610798115,2290725.0291947955,825522.5826311338,0.0
PO100258,P062,8,202402,202402,Open,4550927.02031731,495718.3424761548,81129.63228981389,0.0
PO100259,P062,9,202402,202404,Open,3086846.019872846,99214.34948876222,6768.672392316619,0.0
PO100260,P062,2,202312,202312,Partially Invoiced,17377004.45134963,4369583.7935088705,3543996.050520993,0.0
PO100261,P062,2,202304,202307,Closed,5920807.83343708,6006546.80695325,5977070.18546139,0.0
PO100262,P030,1,202411,202503,Partially Invoiced,21362135.193857048,12484830.509287575,10446566.429610837,0.0
PO100263,P030,6,202401,202403,Closed,4915084.773547918,4907694.24733834,4589522.367720051,0.0
PO100264,P030,3,202403,202405,Open,8327465.808395199,52074.7028873186,1758.7802852812245,0.0579163206970081
PO100265,P030,10,202306,202306,Closed,946299.9969430882,911932.7505381504,693142.9224257317,0.0
PO100266,P030,5,202407,202410,Partially Invoiced,61945349.576245904,20162784.42329542,17433320.28550658,0.0
PO100267,P030,2,202312,202404,Closed,9350200.20389448,8558120.44094824,7792764.046732471,0.0
PO100268,P030,3,202412,202503,Closed,9330566.34573074,8651621.184337886,6373039.731388377,0.07298961189499364
PO100269,P030,8,202407,202411,Partially Invoiced,14950948.448955681,6229295.431469586,5302812.493458427,0.0
PO100270,P030,10,202310,202402,Partially Invoiced,12275111.005558213,5990348.983871705,4319875.435227025,0.0
PO100271,P012,5,202308,202310,Partially Invoiced,18889948.857031673,10079186.145330181,7971331.025649212,0.0
PO100272,P012,8,202307,202308,Partially Invoiced,15502131.151385922,11987805.03491262,9680545.655105738,0.0
PO100273,P012,2,202408,202412,Partially Invoiced,4234578.690328999,3543816.854040398,2989463.329633553,0.042852399111231114
PO100274,P012,10,202307,202311,Partially Invoiced,6894418.273006869,4529034.265138707,3209500.6531594703,0.0
PO100275,P012,5,202405,202406,Closed,48557240.99047062,48107206.680828236,41881902.60241494,0.0
PO100276,P012,14,202411,202412,Partially Invoiced,1853696.451196754,972055.9367680068,770718.2996189821,0.07836351652756302
PO100277,P014,2,202308,202308,Partially Invoiced,10626001.212833976,8578910.896663202,7358303.943491823,0.0
PO100278,P014,10,202305,202309,Open,52222522.44455503,11246606.71087997,4113631.6078918977,0.0
PO100279,P014,2,202311,202401,Open,5361576.167531199,1194425.3663032015,92908.6572493935,0.0
PO100280,P014,6,202401,202403,Closed,20551009.207189716,19250276.322245296,17455513.52404557,0.0
PO100281,P014,1,202308,202310,Partially Invoiced,29736930.487741377,24143937.61153541,19779360.98187433,0.0
PO100282,P014,14,202310,202311,Open,59097613.995618664,9869438.961387282,3670817.4070645105,0.0
PO100283,P014,2,202305,202309,Closed,23922611.3041286,24373870.41130031,20716031.628739532,0.04028291923635632
PO100284,P014,7,202401,202405,Open,50015921.115595266,1766656.8388942357,254932.1772876291,0.0
PO100285,P014,2,202307,202311,Partially Invoiced,39358004.82193489,17631882.011876807,12806394.372125905,0.03354272133929747
PO100286,P040,9,202405,202408,Partially Invoiced,7886448.8690470485,2725228.025237227,2205372.8457333245,0.0
PO100287,P040,3,202306,202310,Closed,4463019.560873912,4480499.926303137,4317098.383296391,0.06360894781027887
PO100288,P040,8,202311,202311,Partially Invoiced,6762241.310279052,2306545.8497238923,2250479.5439702636,0.0
PO100289,P040,12,202305,202309,Partially Invoiced,5391456.021915218,2624546.569882996,2155194.048862067,0.0
PO100290,P040,14,202402,202405,Partially Invoiced,1884792.183476569,1502738.2149003216,1432026.2012990972,0.030439844910420195
PO100291,P040,11,202404,202404,Open,3430273.3686379506,471299.5416951827,144505.8165512622,0.0
PO100292,P040,4,202405,202409,Closed,61431306.39555414,55515887.101639785,39278343.659940764,0.06918775896585844
PO100293,P040,6,202404,202404,Partially Invoiced,7445909.327826428,2613029.9181376304,2215943.5298686884,0.0
PO100294,P040,1,202310,202402,Closed,1253293.2868133234,1230124.1962234974,1063920.5258294882,0.0
PO100295,P040,12,202407,202407,Open,8987149.066384295,2222479.216716168,288946.45739784004,0.0
PO100296,P054,8,202411,202503,Open,4146426.9720206154,216013.15755023205,81955.32503252565,0.0
PO100297,P054,5,202409,202409,Partially Invoiced,1825985.96074916,1091123.6079884067,943398.0164705963,0.0
PO100298,P054,1,202309,202401,Open,1030921.7506083454,38214.28876274416,9787.875787822337,0.0
PO100299,P054,10,202404,202408,Open,4488956.581757418,504582.0459631678,109670.7551060589,0.0
PO100300,P054,12,202312,202403,Partially Invoiced,1814124.549140479,587059.2051676564,430402.8493292587,0.0
PO100301,P054,4,202401,202403,Open,3023033.5934175635,241852.7429273418,40753.653359276796,0.07068615793881533
PO100302,P054,12,202408,202412,Partially Invoiced,6536923.346297713,5301959.3889821535,3900143.7800264643,0.0
PO100303,P054,4,202311,202311,Partially Invoiced,5256839.663328524,1684841.0333821021,1516437.047575282,0.0
PO100304,P054,2,202403,202404,Partially Invoiced,4227015.490964754,3298105.8761150176,2324458.35668963,0.0
PO100305,P054,5,202310,202401,Open,1336633.5799356073,132415.791105838,41584.79044723138,0.0
PO100306,P054,3,202404,202405,Partially Invoiced,2199216.1807262395,1497601.739856472,1157453.9404109952,0.0
PO100307,P054,3,202503,202507,Open,2644736.469875717,446790.1396769543,5522.394462822848,0.0
PO100308,P054,10,202308,202310,Partially Invoiced,3460809.8473871974,1151631.9224824433,1065151.363678264,0.0
PO100309,P054,10,202409,202501,Closed,2704241.5680163754,2693917.059150967,2223642.384067618,0.0
PO100310,P054,9,202402,202405,Partially Invoiced,978583.2064632811,565827.3361540635,455377.5105397087,0.0
PO100311,P054,9,202410,202411,Open,1294744.4307246332,1922.698780842882,882.212559510011,0.0
PO100312,P054,1,202405,202405,Closed,1347340.3386155441,1345802.4776686812,1336605.1119348165,0.0
PO100313,P017,11,202311,202401,Open,23036683.924895246,3848150.118223559,885518.4065430406,0.0
PO100314,P017,13,202404,202405,Partially Invoiced,23472494.41256802,9128600.818834474,8570865.205119776,0.05850646362247792
PO100315,P017,14,202405,202408,Closed,86805933.78356136,79055665.12370087,66134025.92520894,0.05263973261714197
PO100316,P017,5,202406,202406,Partially Invoiced,11604918.411445754,7956900.15827764,7235195.379857927,0.0
PO100317,P017,13,202306,202309,Open,11339290.906102464,319789.2511720241,152146.23573052482,0.0
PO100318,P017,12,202307,202308,Closed,2687058.0975704854,2587090.5357083427,2469240.688087616,0.0
PO100319,P017,11,202307,202310,Partially Invoiced,22193378.623889312,14170597.090374261,13785265.69221585,0.0
PO100320,P017,11,202402,202406,Closed,7688055.063885187,7194352.443260296,6565852.56457951,0.0
PO100321,P017,6,202307,202307,Open,12263603.971801717,2837403.497430495,785764.4873899586,0.0
PO100322,P017,4,202308,202310,Partially Invoiced,15591399.328314159,5878513.133145415,5692257.920980181,0.0
PO100323,P017,2,202406,202406,Closed,6301339.288311041,6204771.142852262,5505503.483089434,0.0
PO100324,P017,9,202306,202307,Closed,29991406.51604627,29824101.3954608,22035174.271442786,0.0
PO100325,P017,10,202308,202311,Closed,4318049.170086458,4332998.220610425,3250098.0503318175,0.0
PO100326,P017,13,202402,202406,Partially Invoiced,6499280.348676666,5489447.594008633,4192749.4216198395,0.0
PO100327,P017,11,202406,202409,Open,7296893.560091442,864908.6433256845,375353.2090118595,0.0
PO100328,P017,10,202309,202401,Open,6042895.369369148,506256.2313090052,204530.08889234625,0.0
PO100329,P048,3,202306,202310,Closed,12782767.051035404,12354678.477807503,10793917.410738802,0.0
PO100330,P048,9,202401,202405,Partially Invoiced,2430718.96067866,1709622.2335942423,1503795.6596319268,0.0
PO100331,P048,5,202307,202310,Closed,13505408.894105531,12683305.65141483,9573690.03594527,0.0
PO100332,P048,12,202308,202308,Closed,19069503.77349328,17818772.731185216,13485121.0597243,0.0
PO100333,P048,13,202403,202405,Open,3928216.8360346076,906693.2864747756,328894.9926447206,0.0
PO100334,P048,14,202310,202401,Partially Invoiced,5374286.199197578,3123435.3022967423,2962407.580979689,0.07455023986027058
PO100335,P048,8,202403,202407,Open,2008390.056824967,47618.77972229165,17540.00884162909,0.0
PO100336,P048,12,202307,202310,Open,27777953.211365886,6700412.0365598,2358314.096301909,0.0
PO100337,P048,10,202310,202310,Partially Invoiced,1229305.5942471945,776853.4260334477,672421.6875459086,0.0
PO100338,P048,8,202403,202406,Open,3723260.4743596828,40748.73608128723,9225.930665207974,0.0
PO100339,P029,13,202407,202409,Closed,46753746.55038903,42603461.88037294,34429141.34000056,0.0
PO100340,P029,5,202405,202405,Partially Invoiced,1697537.0081819796,723819.5944384728,613296.6799324144,0.0
PO100341,P029,2,202401,202401,Partially Invoiced,3960595.202364315,3223661.9523238163,3157399.530144154,0.0648929901688545
PO100342,P029,1,202311,202402,Closed,14018131.52153039,12823183.8169825,12081293.16417514,0.0
PO100343,P029,13,202307,202309,Open,9972776.923193775,733915.8789868068,169467.98749747282,0.0
PO100344,P029,10,202407,202411,Partially Invoiced,2030150.483058485,620510.1083277344,559496.1297365942,0.0
PO100345,P029,1,202312,202404,Partially Invoiced,8388529.681457403,2725982.6130976416,1934662.8621239047,0.0
PO100346,P029,9,202308,202311,Partially Invoiced,46459347.566879205,27032846.378140796,26247338.803880595,0.0
PO100347,P029,4,202407,202408,Open,3430154.3252184647,43598.87307419022,4035.719216371953,0.0
PO100348,P029,11,202402,202405,Partially Invoiced,1855938.6179564002,466150.60252310307,343083.838816068,0.053276096261528
PO100349,P029,8,202307,202311,Closed,4199217.416852594,3940533.661183184,3435125.923855417,0.0
PO100350,P029,5,202307,202310,Partially Invoiced,8397159.260662738,3236940.207908729,2762435.010989459,0.0
PO100351,P029,13,202310,202310,Closed,5214231.462590332,4776304.276963614,4097400.4027968845,0.0
PO100352,P029,5,202308,202311,Open,18934688.958561994,2300019.0623075496,662726.5547031531,0.0
PO100353,P029,5,202405,202408,Open,21554700.65547962,2359089.057789047,783650.4060200987,0.0
PO100354,P010,3,202311,202401,Partially Invoiced,5757868.502475623,3420052.710942656,3364331.065174889,0.07155558177808102
PO100355,P010,3,202308,202311,Closed,749964.5287491445,688699.0263907876,671874.4373935323,0.06591738424599278
PO100356,P010,12,202310,202401,Partially Invoiced,807283.9534281772,591033.2380810933,584428.5760763393,0.0
PO100357,P010,12,202312,202402,Open,4931262.091541373,81158.22239871703,36196.68781801012,0.0
PO100358,P010,13,202308,202311,Closed,609273.2041748019,560402.2386026381,411474.18478787236,0.05658339853965448
PO100359,P010,7,202310,202312,Closed,1384407.1608247187,1336571.4489675285,1217069.350538701,0.0
PO100360,P010,4,202312,202404,Partially Invoiced,3018643.0746608656,1775457.9280461257,1321297.856416418,0.0
PO100361,P010,5,202310,202311,Partially Invoiced,4443164.875626463,1769351.4536798573,1496821.7912958125,0.0
PO100362,P010,6,202311,202311,Open,690025.1812453613,120803.0675809139,28841.307332164975,0.0
PO100363,P010,1,202308,202312,Closed,849478.6727180083,817590.8946318043,578384.8318092652,0.0
PO100364,P010,7,202309,202310,Open,1871377.2959431598,321487.42040632013,49598.56439019514,0.0
PO100365,P010,14,202310,202401,Partially Invoiced,2087811.6241731092,599786.655349568,491785.5624224448,0.0581940961534494
PO100366,P010,4,202312,202402,Partially Invoiced,1266693.434173713,826793.2939139932,683798.9196212579,0.04160647821629135
PO100367,P010,11,202401,202402,Partially Invoiced,967459.5656791269,386554.80438945786,325001.7336775248,0.0
PO100368,P010,3,202402,202405,Open,1513998.0217203065,142233.31083923235,2666.1803562958835,0.04343457138009448
PO100369,P010,13,202308,202311,Closed,2344708.560018365,2149215.595463206,2041016.3043517736,0.0486549245963815
PO100370,P010,5,202310,202401,Partially Invoiced,590523.9719723437,497933.6435412458,390993.32344752946,0.0
PO100371,P010,1,202309,202309,Open,2106415.7908871896,211243.4026657488,72616.78016955627,0.0
PO100372,P024,10,202510,202512,Open,5452679.160184515,1130769.701694143,404190.4761105741,0.0
PO100373,P024,12,202409,202409,Open,9396459.023855802,153983.83329184487,70815.668655156,0.0
PO100374,P024,10,202603,202604,Partially Invoiced,11236959.306719793,4222904.317612275,4094915.735588762,0.0
PO100375,P024,14,202504,202504,Open,8820226.538800701,1306053.9253802309,54983.705094940284,0.06022014621151843
PO100376,P024,3,202311,202401,Closed,14942474.436596071,15225209.916990673,13744521.08794561,0.0
PO100377,P024,12,202510,202511,Partially Invoiced,19633771.22238492,12628232.199357862,10668747.921198737,0.0
PO100378,P024,12,202311,202311,Partially Invoiced,36389525.56462601,13863609.149980707,11799941.002853103,0.0
PO100379,P024,8,202605,202605,Closed,15504670.486476976,15754795.860601256,14512656.773030125,0.0
PO100380,P024,5,202409,202409,Closed,7000267.527136608,6921701.996812046,5722608.8447257,0.0
PO100381,P024,13,202409,202501,Closed,2532720.4000951233,2296218.223532661,2146201.708802666,0.07097304218435502
PO100382,P024,11,202605,202608,Closed,8207216.229575906,7800688.435696659,5899819.719219597,0.041199687139131524
PO100383,P024,9,202404,202408,Partially Invoiced,4785816.059223526,2564126.205951335,2359499.2062840597,0.0
PO100384,P024,7,202409,202409,Open,33761371.51139936,3827965.6660786485,170078.96718721473,0.0
PO100385,P024,12,202412,202504,Partially Invoiced,3523576.815882055,1415220.7679053913,1359483.5591587708,0.0
PO100386,P024,7,202410,202410,Partially Invoiced,3389928.0561911548,1293987.9923464297,1218297.7430339197,0.0
PO100387,P024,9,202506,202507,Partially Invoiced,5882773.187633053,2099948.2967499774,1828019.1331505429,0.0
PO100388,P024,13,202309,202309,Partially Invoiced,2012339.6321991556,1047993.8723438863,1006121.3342826149,0.0
PO100389,P007,3,202311,202401,Open,9472145.300891269,2260901.5608280865,1081189.1590675453,0.0
PO100390,P007,1,202402,202405,Closed,12943429.809411826,12482331.617054267,12209499.926593091,0.0
PO100391,P007,10,202406,202406,Closed,17425420.000683274,17690366.657155674,15766514.71670872,0.0
PO100392,P007,3,202401,202404,Closed,27504757.102959942,24951184.71796938,22115850.849053442,0.0
PO100393,P007,7,202403,202405,Partially Invoiced,5899213.073901094,1735245.7011289182,1595054.3451285607,0.0
PO100394,P007,12,202312,202404,Partially Invoiced,34764551.95910768,16947277.38554992,12875242.458223082,0.0
PO100395,P007,14,202403,202407,Partially Invoiced,7000761.4465043275,4168140.269170473,3664521.556241429,0.0
PO100396,P007,12,202311,202401,Closed,17482022.887280945,16204201.903387172,12184227.854582544,0.0
PO100397,P007,12,202404,202405,Partially Invoiced,25174199.13278593,13333073.499148713,9345846.502420846,0.0
PO100398,P007,6,202403,202405,Partially Invoiced,8876297.847144552,2233725.154869237,2041581.9237743812,0.0
PO100399,P007,12,202408,202412,Partially Invoiced,4742086.032007268,2307887.765606425,1998926.7123771252,0.0
PO100400,P066,13,202409,202412,Partially Invoiced,23106888.27821835,15841295.626080213,11570716.190626984,0.0
PO100401,P066,12,202404,202404,Partially Invoiced,15999838.799963253,12231840.09396057,9028885.868056806,0.0
PO100402,P066,9,202401,202401,Closed,57694913.51839253,53044238.4211588,41210662.059123494,0.0
PO100403,P066,12,202407,202409,Partially Invoiced,56894319.66465803,18266798.232207123,17335658.280680396,0.0
PO100404,P066,12,202412,202502,Closed,5343566.902174162,5375463.650535937,4883629.959820204,0.0
PO100405,P066,3,202309,202310,Partially Invoiced,75280384.72009546,62811179.16003196,56128982.81196874,0.0
PO100406,P038,3,202403,202406,Open,8213381.057247449,1727718.8930436792,35079.260803365774,0.0
PO100407,P038,14,202310,202401,Partially Invoiced,1882430.9273782515,510343.40022172476,474310.63377600466,0.05184415259576135
PO100408,P038,13,202403,202403,Closed,16506072.972609155,14969320.835816557,12754589.095229173,0.0
PO100409,P038,1,202401,202402,Closed,2056957.383515025,1919794.3473917102,1647096.167601668,0.0
PO100410,P038,10,202311,202403,Partially Invoiced,9470842.192806749,7230938.68645312,5813152.573144704,0.0
PO100411,P038,5,202403,202404,Partially Invoiced,786446.5326778647,433887.8934409194,393527.14324851445,0.0
PO100412,P038,11,202402,202405,Open,18279174.043942917,1792505.003805457,683052.3791357317,0.059422893784227715
PO100413,P038,10,202405,202408,Open,1450004.4406720488,193067.82425764072,43.89122764368125,0.0
PO100414,P038,6,202312,202401,Partially Invoiced,4613771.782651429,3748303.8626832077,3006302.158371482,0.0
PO100415,P055,13,202405,202405,Open,77967349.23186952,11091677.58321077,4374089.463920243,0.047414303937378444
PO100416,P055,6,202402,202406,Partially Invoiced,10506331.387286155,4138791.668699718,3099562.199481477,0.0
PO100417,P055,12,202311,202312,Closed,11753334.41987323,11872275.42623132,9208571.427585566,0.0
PO100418,P055,14,202402,202404,Open,6320781.042094677,1404336.6652899417,384422.4858993369,0.054225760864755085
PO100419,P055,13,202405,202406,Closed,43740777.96562428,42403955.700066514,40622916.49351833,0.0464408388400413
PO100420,P055,10,202403,202407,Open,7697878.169070868,184484.94512942512,64171.39084118829,0.0
PO100421,P055,10,202312,202402,Closed,9085986.249807118,9106873.231089372,8140589.201026883,0.0
PO100422,P055,8,202312,202402,Open,5395620.728128304,401186.49929445237,185485.08844995842,0.0
PO100423,P031,12,202506,202510,Closed,1946232.5260590632,1827050.1980332285,1650618.1136273597,0.0
PO100424,P031,8,202503,202504,Closed,3475602.201958675,3434495.060425605,2588440.2336034267,0.0
PO100425,P031,14,202603,202607,Open,4413846.06399186,499537.2012551574,72702.62926089331,0.03652235584175843
PO100426,P031,5,202409,202410,Partially Invoiced,4138979.2782269907,1790640.5742584306,1650063.8753280127,0.0
PO100427,P031,1,202403,202407,Closed,6269418.858755596,6270452.411222764,5824034.09543683,0.0
PO100428,P031,13,202510,202512,Partially Invoiced,487237.29167288105,408138.01076576824,403888.12538531685,0.06691375509397247
PO100429,P031,4,202604,202607,Partially Invoiced,14712079.46511107,6655315.601089222,5661629.561974319,0.05257960589472642
PO100430,P031,7,202603,202603,Closed,1671916.6842412308,1670921.2867949095,1511385.5698209628,0.0
PO100431,P031,3,202403,202406,Closed,20874585.582518186,21220690.112653285,19026494.24896125,0.0
PO100432,P031,14,202509,202601,Partially Invoiced,4036840.514985368,1343928.371349222,1045984.4355502123,0.041336820232429614
PO100433,P031,9,202406,202408,Partially Invoiced,3387645.298741275,2001828.6494592086,1978409.771227815,0.0
PO100434,P031,5,202406,202406,Partially Invoiced,1472734.1338654873,1097975.6773745148,928845.8460552823,0.0
PO100435,P031,11,202409,202410,Open,1346841.928720035,236504.95973404255,106179.05122358749,0.0
PO100436,P031,6,202507,202511,Closed,6926281.007770825,6696913.59109303,5248588.78011595,0.0
PO100437,P031,10,202504,202508,Open,6752867.128658724,1469486.8456392626,689075.0474283736,0.0
PO100438,P031,9,202607,202609,Partially Invoiced,2088512.90869495,1112991.6995706887,1027324.4938756782,0.0
PO100439,P031,4,202512,202604,Closed,2695719.7956455727,2491166.145665599,2209727.7282445263,0.0740763313407708
PO100440,P031,4,202411,202503,Closed,459988.5031938121,465156.84595483216,400526.0728598802,0.0
PO100441,P005,10,202412,202501,Open,11771566.955501461,996446.9338292317,358194.4557126167,0.0
PO100442,P005,11,202407,202407,Partially Invoiced,8705663.324100912,6529797.426024188,5976146.446266145,0.0
PO100443,P005,8,202404,202406,Partially Invoiced,10786432.961054567,4022233.8370139077,3456380.134618177,0.0
PO100444,P005,14,202407,202408,Closed,4860336.162917293,4564460.718149209,3614999.164500112,0.06353043617103744
PO100445,P005,12,202409,202409,Closed,27857545.162385628,26590910.895536724,26476077.84719487,0.0
PO100446,P005,7,202311,202402,Partially Invoiced,19641531.73357353,6354446.370793011,4889440.938251685,0.0
PO100447,P005,1,202310,202311,Open,67445597.01164745,10155389.892859727,2621171.741905821,0.0
PO100448,P005,11,202408,202410,Partially Invoiced,33387316.90019343,18793810.636490054,17106895.183079146,0.0
PO100449,P005,10,202312,202402,Open,8160298.564934533,928348.8330246226,82393.75456691631,0.0
PO100450,P005,13,202406,202406,Partially Invoiced,3371452.7659610645,1229619.391250032,926353.7984085879,0.07977596077734403
PO100451,P005,2,202311,202401,Closed,10008884.649603942,9232238.804195724,8643345.011385351,0.03546644386421317
PO100452,P005,6,202406,202407,Closed,1253909.7334898326,1170675.4899539375,877929.8274578167,0.0
PO100453,P005,3,202403,202405,Closed,12279629.804021023,12060337.565718973,10771660.354753364,0.0
PO100454,P005,8,202310,202401,Partially Invoiced,13350828.455748094,9092092.067588951,7960792.64632683,0.0
PO100455,P005,8,202408,202409,Partially Invoiced,10259325.964792917,4225701.767585427,3295014.981588814,0.0
PO100456,P022,2,202403,202407,Open,852284.8949842752,87389.30088970889,39344.84149969174,0.0
PO100457,P022,10,202404,202405,Partially Invoiced,1031437.1309834397,663957.1984667872,656946.9526051559,0.0
PO100458,P022,6,202401,202402,Partially Invoiced,857480.3803319652,610854.7430780728,465514.65138702944,0.0
PO100459,P022,7,202412,202501,Closed,3250415.056411761,3184838.560688666,2998334.455147407,0.0
PO100460,P022,7,202408,202411,Partially Invoiced,415001.7880761496,346935.2441373504,248402.78926919805,0.0
PO100461,P022,10,202412,202412,Closed,658626.1303338021,640587.3958067033,560839.3747085511,0.0
PO100462,P022,4,202407,202411,Closed,1883849.931896001,1770248.4622135127,1372519.8061156697,0.0
PO100463,P022,10,202501,202503,Partially Invoiced,977234.628078723,356759.9368840828,270337.02131740935,0.0
PO100464,P022,4,202311,202401,Open,1576906.3007985095,210025.33918142528,1013.9872349943516,0.06267168845971742
PO100465,P022,2,202408,202411,Closed,3667100.6007265537,3409581.8225824996,3390693.460502461,0.0
PO100466,P022,9,202312,202403,Open,811879.7187966929,116457.12123644893,45964.650349259144,0.0
PO100467,P022,2,202409,202411,Open,777479.8519530524,80605.85900174713,23922.1932032029,0.0
PO100468,P022,3,202408,202411,Partially Invoiced,765401.0836717498,277713.63594853494,257276.1067188677,0.0762373376616377
PO100469,P022,12,202410,202502,Open,9496168.362321783,1126012.234855361,416344.7167992254,0.0
PO100470,P022,13,202412,202502,Open,1285323.3393692065,261574.84869549578,99418.64772614045,0.04343817177547934
PO100471,P022,11,202502,202505,Partially Invoiced,5889758.097271769,2816897.2756074923,2104427.5862446604,0.0
PO100472,P022,9,202405,202406,Open,808958.6474075116,161268.9022655109,23327.687025646126,0.0
PO100473,P003,11,202410,202502,Open,14943481.604947377,2439200.7730711233,52435.90658846711,0.0
PO100474,P003,7,202311,202311,Partially Invoiced,45022308.47519208,24723341.17745807,21605213.486646935,0.0
PO100475,P003,3,202409,202410,Closed,9860215.554086654,8893202.855536118,7961346.379333268,0.0
PO100476,P003,13,202403,202403,Open,17610437.80832828,3680019.0728302454,263731.1065723176,0.0
PO100477,P003,14,202411,202412,Partially Invoiced,15579477.539685143,6094797.86997442,5732872.891997878,0.04272681004717872
PO100478,P003,9,202406,202408,Closed,18655109.414416347,18158136.54405935,13921675.218020184,0.0
PO100479,P003,5,202408,202412,Partially Invoiced,30595652.977161042,14278899.664008625,14036602.071725374,0.0
PO100480,P003,11,202312,202402,Closed,23334368.053677,23004739.215784863,19898560.065487944,0.07242864266361423
PO100481,P003,13,202402,202402,Closed,12584986.753081143,11361098.897819579,10947456.067548217,0.04240142744358489
PO100482,P003,5,202405,202408,Partially Invoiced,8474202.634571748,4084790.344933078,2933774.401830619,0.0
PO100483,P003,7,202408,202411,Closed,34656731.94485273,34051239.33996798,30472562.721901923,0.0
PO100484,P003,13,202403,202405,Partially Invoiced,10333090.40185666,2770718.012305217,2322278.350011548,0.0
PO100485,P003,7,202405,202408,Open,18721214.432639964,104900.6155391796,44806.21261896256,0.0
PO100486,P015,1,202405,202406,Partially Invoiced,25475611.805996995,15663630.658808598,12049547.52866654,0.0
PO100487,P015,2,202505,202506,Closed,84999432.72933935,83600214.67994578,75844460.12185468,0.04050601780548969
PO100488,P015,1,202407,202408,Partially Invoiced,10554454.23898042,8181494.392630985,7051648.361754855,0.0
PO100489,P015,9,202412,202501,Partially Invoiced,17293193.221635215,4673578.888415073,3541462.851575953,0.0
PO100490,P015,10,202511,202603,Partially Invoiced,4986101.98214489,1625315.6291296177,1448651.5814368455,0.0
PO100491,P015,10,202602,202605,Closed,1765260.3089394446,1622368.3153363632,1441256.8720757274,0.0
PO100492,P015,8,202503,202504,Open,28164283.255154397,198128.3125703118,23086.39718227562,0.0
PO100493,P015,1,202604,202604,Closed,21445107.813549854,20360036.0496888,16126955.566271039,0.0
PO100494,P015,11,202504,202507,Closed,933391.4528687367,856316.164952341,752030.8903849327,0.06930687260827223
PO100495,P015,11,202601,202603,Closed,10113587.61921837,9383571.872540535,6830220.190458022,0.04968280269528095
PO100496,P015,13,202603,202605,Partially Invoiced,8579256.871390657,2999433.6202502856,2758720.0059459126,0.07776358050202609
PO100497,P015,9,202507,202511,Closed,27585759.144915305,26873702.093253918,25384378.883749265,0.0
PO100498,P015,8,202402,202404,Closed,23343211.01430057,22478373.71063567,21758705.46814841,0.0
PO100499,P015,12,202311,202402,Closed,5211150.440703169,4945886.6490437295,4542996.355332367,0.0
PO100500,P015,11,202311,202312,Open,29818678.473588865,2777976.7502929852,1072270.1523465584,0.042694079481384935
PO100501,P063,13,202501,202501,Closed,5488282.524497533,5241270.911373263,5155477.62972472,0.0
PO100502,P063,8,202406,202408,Partially Invoiced,1810878.2293601248,1471556.747917456,1447303.0718221224,0.0
PO100503,P063,11,202503,202506,Partially Invoiced,4639662.297897741,3241467.709432244,2609488.9527561506,0.056659749723065866
PO100504,P063,8,202410,202501,Partially Invoiced,1415294.6510262967,516586.01311187044,438242.2236103915,0.0
PO100505,P063,14,202402,202406,Closed,2089624.9456226474,1946976.5132172117,1620375.4347232224,0.0
PO100506,P063,6,202407,202408,Open,7167076.416469862,66603.13398383265,21490.262418929455,0.0
PO100507,P063,11,202503,202504,Open,1968100.1244559628,306385.0834326743,128507.5049108337,0.06603418552826462
PO100508,P063,8,202502,202502,Closed,289153.7673488394,286651.05094601045,258097.17995898213,0.0
PO100509,P063,1,202503,202506,Open,11922001.603289763,1811491.5326837855,731913.1912702395,0.0
PO100510,P063,13,202409,202501,Partially Invoiced,13474982.195425725,6907196.537612086,5959322.912290614,0.044554342278477
PO100511,P063,8,202401,202404,Closed,10923620.03102374,11116639.54058268,7854022.446317067,0.0
PO100512,P063,6,202412,202503,Closed,20778614.29099959,18715545.933102388,14865541.344513612,0.0
PO100513,P063,8,202410,202410,Partially Invoiced,7341079.667718088,4499580.906676469,3342137.5818179683,0.0
PO100514,P064,7,202405,202408,Partially Invoiced,10348000.25067623,6226238.351940329,5387274.86858112,0.0
PO100515,P064,8,202403,202406,Closed,73375749.89794613,69048444.44382755,56108473.929184064,0.0
PO100516,P064,7,202401,202403,Open,35560702.93948364,7150095.642798486,3473947.227342584,0.0
PO100517,P064,14,202402,202405,Closed,14940552.7638217,15130174.726235865,10971930.418707265,0.0
PO100518,P064,6,202402,202402,Partially Invoiced,24650902.045197666,18045568.309389357,13538213.377667276,0.0
PO100519,P064,14,202401,202404,Open,35081710.20648563,369407.6081699018,150557.43157146184,0.03601139812729311
PO100520,P049,4,202406,202406,Open,13781287.912339132,479132.72511619923,77080.86983826871,0.07293383992462198
PO100521,P049,9,202501,202502,Closed,13751268.199460506,13783850.917104727,11535590.941450391,0.0
PO100522,P049,14,202412,202503,Closed,11540245.9955929,10524072.516984386,7703370.823641021,0.0
PO100523,P049,2,202411,202411,Partially Invoiced,13887427.856968423,9082293.299478041,8026796.843258308,0.07458059457518551
PO100524,P049,5,202501,202503,Closed,8479116.21315307,7744607.958797149,7523756.787939186,0.0
PO100525,P049,2,202409,202501,Partially Invoiced,15829033.615236502,9351481.070762204,8652415.744829906,0.07486506346730751
PO100526,P049,1,202405,202408,Open,7699953.083044247,1651037.7290144085,602923.936753519,0.0
PO100527,P049,4,202504,202507,Open,10666821.988958605,754191.8236725741,307506.2114682612,0.0
PO100528,P049,3,202501,202505,Closed,1431523.344474142,1350881.6315672651,1221728.6087166397,0.0
PO100529,P049,3,202407,202411,Partially Invoiced,2533488.733108535,1400793.5873519888,1325281.696100543,0.07830272175225603
PO100530,P049,6,202503,202507,Partially Invoiced,22737238.784291543,6317086.225857975,6146778.461891918,0.0
PO100531,P049,10,202410,202410,Open,63282210.64205502,5670560.102841521,1088057.298694164,0.0
PO100532,P049,1,202401,202405,Closed,2432696.4665682823,2465439.5055520386,1996950.8080053572,0.0
PO100533,P057,5,202505,202507,Open,9215956.901620394,811922.5931127404,116937.43584391173,0.0
PO100534,P057,14,202608,202608,Partially Invoiced,6558955.847086974,4971193.866369165,4150849.674793871,0.0
PO100535,P057,12,202507,202509,Closed,5172011.309882062,5114674.637374947,5020117.3186542075,0.0
PO100536,P057,10,202407,202411,Open,3279026.7290359326,246404.49861481364,74692.62371232768,0.0
PO100537,P057,7,202403,202407,Closed,5659910.153907621,5374289.753949181,3986058.5375826503,0.0
PO100538,P057,12,202402,202404,Open,39287413.12765508,3937645.907828967,555073.9896725252,0.0
PO100539,P057,3,202404,202405,Open,6577898.4827018725,1336617.5208143115,402443.6476687301,0.04799176112491234
PO100540,P057,7,202503,202506,Partially Invoiced,4392520.920376238,1212919.8775901042,952058.0944543661,0.0
PO100541,P057,7,202506,202510,Partially Invoiced,22767531.794286903,5990083.560435888,4492646.192667587,0.0
PO100542,P057,11,202408,202409,Closed,48680574.657145485,44180660.36115553,42526443.549812905,0.061562523815480656
PO100543,P057,2,202508,202508,Partially Invoiced,27138970.27882849,16910013.39144814,12472529.896164278,0.04682076727758258
PO100544,P057,4,202510,202511,Closed,9715928.036754468,9337075.09017701,7775704.3576225145,0.06561919544254144
PO100545,P057,11,202407,202407,Open,2515521.764146703,35775.52364111723,17554.840252468926,0.0
PO100546,P057,4,202501,202504,Closed,7582952.54301787,7162938.242695202,6982408.578892109,0.03164563359529832
PO100547,P057,14,202601,202601,Partially Invoiced,32470572.363457415,14668108.169019032,13802689.471836884,0.0
PO100548,P057,10,202509,202510,Partially Invoiced,68624110.83438143,23135944.69903751,16733426.053093053,0.0
PO100549,P028,13,202406,202406,Open,15903381.892952565,3226727.4147228487,1100400.4799842448,0.0
PO100550,P028,6,202402,202402,Partially Invoiced,14463279.310215171,11831342.323539943,10530453.049415993,0.0
PO100551,P028,14,202406,202406,Closed,4573798.421020005,4147469.220781426,4073925.363622275,0.04576283793412762
PO100552,P028,9,202411,202412,Closed,36623865.69411661,37079755.58277988,26579263.294773605,0.0
PO100553,P028,4,202406,202407,Closed,1668006.6340206603,1638513.2448691512,1425625.1125328084,0.05187779281430441
PO100554,P028,8,202406,202406,Partially Invoiced,35609883.793745145,19628837.819029782,19397698.275334556,0.0
PO100555,P028,7,202410,202502,Open,9204737.93588092,164295.47014198147,29884.24620609607,0.0
PO100556,P028,2,202408,202412,Closed,2738062.461586577,2759220.833191533,2475139.4031090084,0.053247998040382785
PO100557,P028,11,202406,202410,Closed,28467234.630311817,27158885.471343577,22859810.8402873,0.06077534622579982
PO100558,P028,1,202409,202501,Closed,1010149.9344198998,1010810.0298662985,718270.3962914888,0.0
PO100559,P028,2,202406,202409,Partially Invoiced,4768960.975974303,2758277.7811567835,2098836.345930489,0.042285855887513116
PO100560,P028,8,202404,202407,Closed,18010886.604180574,18087209.214178924,16670241.708612818,0.0
PO100561,P028,6,202405,202408,Closed,19561723.289087303,18433540.648739386,18195410.921442375,0.0
PO100562,P028,9,202402,202404,Partially Invoiced,17818812.186256126,8135153.627455707,5966936.473836105,0.0
PO100563,P028,3,202408,202411,Partially Invoiced,10197739.151539546,6168068.652070217,5129420.5475689145,0.05132106644299492
PO100564,P047,14,202412,202503,Open,3831697.5573039083,671820.6025995177,319437.9985578507,0.0
PO100565,P047,14,202407,202411,Open,28044462.131877955,3889754.8998720595,643704.845488797,0.0
PO100566,P047,1,202404,202405,Partially Invoiced,2394514.1009683977,1067202.9894165935,995050.2340592465,0.0
PO100567,P047,10,202506,202506,Closed,4364673.335522336,4201327.953224172,3545173.9755817973,0.0
PO100568,P047,11,202504,202508,Partially Invoiced,2704053.3556695357,2201458.656625172,1944308.8173445333,0.0
PO100569,P047,8,202506,202506,Closed,15173387.534492103,14346032.818912497,13944505.764622625,0.0
PO100570,P047,10,202502,202504,Open,9750136.481203562,2055650.5280645033,212619.4536364138,0.0
PO100571,P047,13,202410,202501,Closed,9092770.895493582,8386896.719895465,6465181.42604897,0.0
PO100572,P047,4,202412,202502,Closed,2399013.491837262,2372011.603594418,1802699.7871754968,0.0
PO100573,P047,12,202406,202408,Closed,5601510.864137379,5087921.506583609,4633766.097667549,0.0
PO100574,P047,9,202502,202505,Partially Invoiced,13680963.773822498,6345853.949308502,5166529.76062896,0.0
PO100575,P016,14,202410,202501,Open,1061129.5849495744,198753.59061792318,17548.024015896463,0.0
PO100576,P016,6,202406,202408,Open,25931322.73486514,1410662.3547426953,543782.542975958,0.0
PO100577,P016,3,202408,202409,Open,3121289.757371441,351101.21859541716,32554.424687110768,0.0
PO100578,P016,14,202409,202411,Open,2620413.439671975,303586.71661501145,140927.05881127348,0.0
PO100579,P016,7,202405,202408,Partially Invoiced,2670375.904559168,1380081.761097631,1103299.3990715952,0.0
PO100580,P016,8,202410,202501,Partially Invoiced,478103.41411944013,337101.53466435213,319695.9730581827,0.0
PO100581,P016,6,202501,202503,Closed,10582416.244855091,10602312.169382742,9442403.77205378,0.0
PO100582,P037,10,202407,202409,Open,14408475.616728026,1959221.1426308735,685974.7068449784,0.0
PO100583,P037,8,202503,202507,Partially Invoiced,10571289.827548245,5499095.557184937,5390875.013037074,0.0
PO100584,P037,1,202504,202504,Open,43456371.0481,6801654.20146982,1346666.9790267975,0.0
PO100585,P037,13,202405,202409,Partially Invoiced,5790593.497708032,2331989.750377248,1641043.9608223902,0.0
PO100586,P037,5,202505,202505,Partially Invoiced,33125288.79522448,22866256.231742006,21310306.039597735,0.0
PO100587,P037,7,202410,202412,Closed,10905576.053128488,10596789.375791807,8995901.015794052,0.0
PO100588,P037,13,202503,202504,Closed,18198746.64409746,16529672.61231923,11790625.432058075,0.0
PO100589,P037,14,202405,202406,Partially Invoiced,14991524.592203854,8862836.681460358,7582142.1918516075,0.07864674998517503
PO100590,P037,2,202406,202406,Closed,33487424.756503705,30624326.07083348,29780168.35025039,0.0
PO100591,P037,13,202405,202409,Closed,5841369.551565602,5299005.425408032,5128657.138185069,0.06258010426013538
PO100592,P004,9,202510,202510,Partially Invoiced,1481988.6383489924,537664.4226513457,503634.66769622534,0.0
PO100593,P004,2,202408,202408,Partially Invoiced,8529163.006983452,3334656.194181537,2856472.922989441,0.0
PO100594,P004,11,202506,202506,Partially Invoiced,3503101.078144969,2131729.747684681,2063141.4698056881,0.0
PO100595,P004,2,202407,202407,Partially Invoiced,1556368.796476325,760294.6584339804,630401.215572073,0.041873505720647484
PO100596,P004,4,202503,202504,Partially Invoiced,5973184.697944839,3701891.301960206,2850402.7203940307,0.07993547750647755
PO100597,P004,11,202501,202504,Partially Invoiced,7206348.4961846545,2023690.2715271774,1657421.5124701217,0.04341532011455522
PO100598,P004,13,202408,202409,Partially Invoiced,2245952.611374949,868683.4906495794,743155.2766084877,0.05319357365014188
PO100599,P004,1,202505,202508,Partially Invoiced,16461499.063339649,4246271.537813614,3878987.0769712934,0.0
PO100600,P004,11,202406,202406,Open,2302379.918896495,465936.6168883848,120729.67650064448,0.04188966495567383
PO100601,P004,3,202405,202408,Closed,1489148.1174839393,1344111.0908119602,1003527.5373152609,0.0
PO100602,P004,6,202502,202505,Closed,2410969.779458507,2175451.5104163582,1944819.9939193043,0.0
PO100603,P025,7,202409,202412,Closed,18261062.435579486,17714983.212767005,16145172.705167778,0.0
PO100604,P025,2,202411,202501,Closed,4246309.392639702,3862627.0989319053,3110723.037971482,0.0792356002658135
PO100605,P025,14,202410,202502,Partially Invoiced,3344895.862971199,918415.0907005554,700101.1397350859,0.0
PO100606,P025,14,202409,202412,Partially Invoiced,4151275.680304062,1804234.0027280096,1534032.7352794427,0.043759053587133924
PO100607,P025,14,202409,202501,Open,2845251.0883907345,350751.5764186546,73918.53919678234,0.06865176268290327
PO100608,P025,11,202502,202506,Open,2310437.058201227,415938.5906683036,192641.073732422,0.0
PO100609,P025,11,202410,202410,Partially Invoiced,6329957.879195158,3298416.8183275936,2720914.5204760474,0.0
PO100610,P025,13,202409,202410,Closed,3599325.1808933956,3374206.057268494,2429678.310695881,0.06619719743356095
PO100611,P025,2,202409,202412,Closed,35295704.43007923,34986808.93593624,34942535.55541372,0.0
PO100612,P025,6,202503,202503,Closed,11798181.841527218,11451656.559574908,8290062.512619007,0.0
PO100613,P025,5,202503,202505,Partially Invoiced,3896410.208149379,2390194.6397252847,2064857.9764977999,0.0
PO100614,P025,5,202502,202505,Closed,8762880.972575117,8756572.479144908,8100306.845642264,0.0
PO100615,P025,9,202406,202407,Open,2548860.6648356356,303563.613458164,110084.3687976801,0.0
PO100616,P025,11,202408,202410,Closed,2118493.8789278395,2059020.2828859035,1708103.081116971,0.0
PO100617,P025,3,202409,202501,Partially Invoiced,2493501.220828603,1968014.1961828782,1921136.463851612,0.0
PO100618,P025,1,202411,202501,Partially Invoiced,6510293.926838128,4364059.36158266,4252807.587339078,0.0
PO100619,P025,10,202407,202410,Partially Invoiced,4100590.2315950813,1179640.5353380973,1135459.5174585262,0.0
PO100620,P025,4,202502,202506,Open,6738449.030594365,213183.68150505825,101090.95658695014,0.03473946331438466
PO100621,P020,6,202606,202606,Partially Invoiced,26804129.4098027,20497631.385321606,15453675.835792674,0.0
PO100622,P020,9,202509,202511,Partially Invoiced,21824197.336327642,18485791.543337755,16199550.655033672,0.0
PO100623,P020,4,202510,202511,Partially Invoiced,22718699.232885852,9051693.86887583,8893076.01650778,0.07508017839742948
PO100624,P020,14,202609,202610,Open,12711166.167768763,2335840.6416139784,347192.9433555937,0.04413814853880642
PO100625,P020,3,202411,202503,Partially Invoiced,7212829.067232225,4927581.512617269,4015348.133641194,0.056836982385670816
PO100626,P020,6,202509,202509,Open,6767292.763496906,1569989.835256232,224596.10278187002,0.0
PO100627,P020,6,202607,202610,Closed,16406208.547349071,16701937.529940708,13562800.802687254,0.0
PO100628,P020,8,202511,202512,Partially Invoiced,33348791.05840487,18545382.6229208,15306672.242310196,0.0
PO100629,P020,1,202408,202412,Partially Invoiced,53514740.66047895,42339314.534489185,32159575.91091655,0.0
PO100630,P020,1,202512,202603,Partially Invoiced,9100453.596168805,2681481.505874033,2600035.1498836656,0.0
PO100631,P009,13,202507,202508,Partially Invoiced,4851046.276146871,2931154.1886081793,2227330.065186209,0.050174565576298416
PO100632,P009,14,202502,202503,Open,8433913.606611283,326511.44477345084,98046.94403965851,0.0
PO100633,P009,8,202508,202510,Closed,4553395.581203205,4432883.514233952,4365104.909177379,0.0
PO100634,P009,4,202502,202506,Open,6563430.65239342,1192168.013757665,35884.905449849975,0.0
PO100635,P009,4,202411,202501,Open,10104169.937730495,360390.68180631794,53111.631096704274,0.0
PO100636,P009,8,202503,202505,Partially Invoiced,1216709.9854530604,680262.4305533879,579890.6605297585,0.0
PO100637,P009,9,202408,202412,Partially Invoiced,12299181.078082938,5010429.363944652,4535618.399079559,0.0
PO100638,P009,13,202510,202510,Closed,2919799.951007144,2826280.902915311,2117520.8435373404,0.0
PO100639,P009,8,202412,202502,Partially Invoiced,1654052.1613261956,1086526.7621133209,857052.642730541,0.0
PO100640,P009,6,202501,202501,Partially Invoiced,1592892.857657618,573893.8736376729,540277.365499249,0.0
PO100641,P009,5,202410,202411,Partially Invoiced,5877668.851891958,3164178.7324470095,2982422.3625729447,0.0
PO100642,P009,14,202509,202511,Partially Invoiced,5704526.95733543,3525904.7460731557,3220982.196807281,0.0451141162471998
PO100643,P009,12,202507,202508,Partially Invoiced,7899929.835813066,5495074.046358648,4440701.916842077,0.0
PO100644,P009,1,202509,202512,Partially Invoiced,21882441.54930417,13624773.983445289,12672899.573295064,0.0
PO100645,P013,3,202504,202504,Partially Invoiced,1872092.4850644113,1315375.1250851133,1197180.5440530602,0.0
PO100646,P013,8,202507,202509,Partially Invoiced,28816487.48037665,9965848.91762388,9476340.504881447,0.0
PO100647,P013,10,202408,202412,Partially Invoiced,5921111.832591691,4677175.486323354,3438018.727851002,0.0
PO100648,P013,9,202408,202409,Partially Invoiced,1918214.633037762,1481329.1367861503,1454455.8997557762,0.0
PO100649,P013,3,202411,202503,Partially Invoiced,6647512.432008821,3958487.6749473093,3583491.673246486,0.07013481099812245
PO100650,P013,11,202502,202503,Open,19400686.202711973,526186.002769769,137309.99844796333,0.05892099125436315
PO100651,P013,12,202507,202509,Partially Invoiced,5858187.197248276,3468067.9483679947,3102519.534982714,0.0
PO100652,P013,5,202412,202412,Partially Invoiced,22777597.356794707,6223132.508580921,5913851.415891296,0.0
PO100653,P013,6,202410,202501,Partially Invoiced,7045649.34341976,5560070.073963062,5010736.736354231,0.0
PO100654,P013,2,202505,202506,Closed,4780599.057759604,4681340.688168867,4534759.123982839,0.047402923997596776
PO100655,P013,7,202409,202501,Partially Invoiced,5715717.25853627,4438705.364205119,3312176.3307905877,0.0
PO100656,P032,1,202408,202410,Closed,18713298.94486475,17536685.310371824,14224559.263631122,0.0
PO100657,P032,5,202501,202503,Open,6212859.274302316,1524635.4987655815,105726.12179651542,0.0
PO100658,P032,11,202504,202506,Closed,18878811.81743877,17410621.74895571,14360223.074165257,0.0
PO100659,P032,14,202412,202502,Closed,8190821.019803023,7419249.5351968445,5551106.446123566,0.068024833816781
PO100660,P032,12,202410,202412,Partially Invoiced,3150717.554735257,1349805.00674105,1069695.4417203164,0.0
PO100661,P032,6,202411,202412,Partially Invoiced,36339261.45626281,11981083.830045609,11430663.015920758,0.0
PO100662,P032,7,202411,202502,Open,13102780.612686398,1558399.6104011782,307347.4283417212,0.0
PO100663,P032,9,202408,202408,Closed,4178688.28886709,4255353.863782703,3189700.760446854,0.0
PO100664,P032,9,202408,202409,Partially Invoiced,10829638.040803475,3729697.7913391036,3130826.847310393,0.0
PO100665,P032,13,202504,202504,Open,6438529.315437664,533492.5180959902,210971.58131757728,0.0780993679182963
PO100666,P059,10,202511,202511,Partially Invoiced,2549269.229555498,1339461.753118053,979535.4049575382,0.0
PO100667,P059,4,202504,202508,Partially Invoiced,15472246.85606817,10508011.100807147,7973485.513742216,0.0
PO100668,P059,9,202502,202502,Closed,22574347.13013109,21997213.674445365,17218895.988597523,0.0
PO100669,P059,8,202602,202606,Open,12360076.699105632,2660744.9467883394,473067.3865418418,0.0
PO100670,P059,8,202505,202506,Closed,20397583.49055655,19821997.7569502,16782710.307986144,0.0
PO100671,P059,2,202507,202511,Closed,3761344.1751352227,3808490.7473990093,3321443.5777360494,0.0
PO100672,P059,9,202605,202605,Closed,29608774.08444736,27840145.729180828,23255146.238186743,0.0
PO100673,P059,5,202509,202510,Partially Invoiced,20259401.321068577,6059635.105188299,5650391.755450144,0.0
PO100674,P059,2,202409,202410,Partially Invoiced,3299181.661308638,1448852.9605827772,1174224.9403695154,0.0
PO100675,P059,11,202509,202509,Closed,36838113.76695853,36911778.13329121,30036635.177198723,0.03875480592859494
PO100676,P059,8,202601,202603,Closed,13400808.805003991,13628937.921541434,13294523.277040375,0.0
PO100677,P059,10,202410,202411,Closed,52827047.06323761,48820666.838914685,40285841.81319248,0.0
PO100678,P059,2,202603,202606,Open,6960761.185341863,122571.16747079288,55314.94924567754,0.0
PO100679,P059,14,202503,202507,Open,2811555.0024145227,666430.4117907212,173485.62766869128,0.0
PO100680,P059,9,202506,202506,Partially Invoiced,17145018.18972844,11394779.528897885,8626105.458916679,0.0
PO100681,P050,5,202506,202509,Open,12755461.896008423,593436.7313805103,7423.701980915273,0.0
PO100682,P050,7,202412,202503,Partially Invoiced,1586040.2610580006,1214127.2354759194,916605.0095291975,0.0
PO100683,P050,7,202507,202508,Partially Invoiced,5481586.301880119,2899820.846276212,2170110.029295521,0.0
PO100684,P050,9,202503,202507,Closed,8669406.655586585,8177363.1827808255,5731705.0254658125,0.0
PO100685,P050,5,202501,202501,Open,2150851.051630865,246841.5503652921,75483.51428398503,0.0
PO100686,P050,2,202412,202504,Partially Invoiced,7530276.839433851,6198207.71131329,5796814.074111612,0.06517860159270177
PO100687,P050,14,202411,202412,Partially Invoiced,3482841.702574128,2490466.1018978385,2211355.3642854863,0.05214619686906575
PO100688,P050,11,202502,202503,Partially Invoiced,2202054.354042403,1580412.1750860359,1532926.0319254873,0.038042777404875244
PO100689,P050,7,202410,202502,Partially Invoiced,4252829.48642032,1146438.853787799,1140095.069537393,0.0
PO100690,P050,7,202410,202502,Partially Invoiced,3072739.352313304,1853784.1594754427,1615584.8282512212,0.0
PO100691,P050,11,202504,202504,Open,21673713.00981185,1063866.2615674124,176774.85737603644,0.04456933682995672
PO100692,P050,14,202501,202501,Closed,1923449.6221504363,1800259.7689169364,1638000.8277506186,0.07142921257350665
PO100693,P050,13,202411,202503,Open,3293843.9163266704,469818.2710377482,170150.9597196072,0.05333643929145784
PO100694,P050,12,202505,202507,Closed,4344493.5077451095,4031755.152206064,3354804.3598055462,0.0
PO100695,P050,1,202502,202504,Closed,13826112.560288725,12974763.499368167,11677512.943588639,0.0
PO100696,P050,6,202508,202512,Open,7939878.859778158,1545969.7942149772,638509.5048677046,0.0
PO100697,P050,2,202505,202506,Partially Invoiced,18893758.01175508,10005768.144674106,8657727.696019722,0.0
PO100698,P065,8,202412,202503,Open,3404725.6877276483,326575.83479220665,64853.17814117964,0.0
PO100699,P065,8,202412,202504,Closed,2961965.1121328985,2981197.5449213297,2595755.658641721,0.0
PO100700,P065,5,202501,202503,Open,11324845.563541323,787120.8495033267,268199.594077532,0.0
PO100701,P065,3,202411,202503,Open,13042427.979412131,3016163.5115872566,250282.54636904073,0.0640047250631596
PO100702,P065,5,202502,202504,Open,12045532.062397713,2388117.7622902966,59306.85733888039,0.0
PO100703,P065,12,202410,202412,Open,28194417.00251481,4186906.494377903,700020.9073619813,0.0
PO100704,P065,7,202412,202501,Closed,18130523.256609984,18011427.502084803,13678796.277343212,0.0
PO100705,P065,2,202410,202411,Partially Invoiced,21656545.01572223,8788516.63104908,8738901.60270672,0.0
PO100706,P065,14,202409,202410,Partially Invoiced,3633735.435574827,2373630.832182708,2256714.832397436,0.04500800888043283
PO100707,P002,2,202504,202505,Closed,5778536.694771792,5226394.372694053,5048901.596846066,0.0
PO100708,P002,9,202501,202501,Partially Invoiced,6082142.556712702,4863366.277913521,4328203.559286237,0.0
PO100709,P002,7,202411,202502,Closed,1905215.5738220757,1862017.3552364984,1619505.5236678766,0.0
PO100710,P002,11,202510,202511,Partially Invoiced,28574718.973161206,7501091.685364558,7171736.932849446,0.07408532169543552
PO100711,P002,5,202511,202511,Closed,21161639.842316233,19316848.919065274,14406287.788761787,0.0
PO100712,P002,14,202410,202411,Open,15797445.59075039,3666743.075548875,1485401.8169349036,0.0
PO100713,P002,6,202508,202512,Closed,7810172.949399899,7040812.155387865,5283984.5933993505,0.0
PO100714,P002,3,202409,202409,Open,10566802.248135552,2055405.1324497792,919477.8557478554,0.07202577786234696
PO100715,P002,14,202511,202603,Open,27598366.666700684,4830217.966798003,359538.7158152604,0.0
PO100716,P002,11,202511,202601,Partially Invoiced,4763136.148272717,1702110.9977109008,1451490.481045374,0.0
PO100717,P002,7,202411,202412,Partially Invoiced,6883917.356339183,5791674.847443064,5717098.492132571,0.0
PO100718,P002,7,202504,202504,Closed,1309217.0566015153,1279497.3833368942,1174562.6668385635,0.0
PO100719,P002,8,202512,202601,Closed,9002337.112844145,8670130.071035305,7633837.69000718,0.0
PO100720,P026,3,202506,202507,Partially Invoiced,1429625.3685440556,550699.5614697004,456072.537428934,0.05197198930005992
PO100721,P026,11,202501,202505,Open,1006257.6753475183,124819.92966294312,5874.915677827937,0.06249435536101133
PO100722,P026,11,202504,202506,Partially Invoiced,2446193.3319465555,699075.5852375174,698908.325758587,0.0
PO100723,P026,5,202503,202503,Closed,808191.2706931278,756503.4908219816,634361.7199044899,0.0
PO100724,P026,7,202504,202505,Partially Invoiced,2508973.9632299524,1813439.6954093273,1473144.5719212494,0.0
PO100725,P026,7,202509,202512,Partially Invoiced,1541345.205919686,867259.8632318665,796802.8762012884,0.0
PO100726,P026,11,202501,202502,Closed,7556587.339374206,7683673.25106257,6652474.301062501,0.07975960675258306
PO100727,P026,10,202507,202507,Closed,5341735.194310835,5362620.819963639,3862842.871545619,0.0
PO100728,P026,1,202507,202508,Partially Invoiced,3023195.4870403404,1555420.2704103882,1145657.0209470394,0.0
PO100729,P026,14,202511,202602,Open,418569.7480771508,52403.856753307446,23594.383204491936,0.04144950750034084
PO100730,P001,8,202505,202509,Open,17005592.610475168,3144169.897581311,263845.8000790984,0.0
PO100731,P001,6,202505,202509,Closed,10751659.91484665,9828642.477119684,8665497.441811472,0.0
PO100732,P001,1,202501,202502,Open,4515326.871480467,183242.9882950222,58572.3199926477,0.0
PO100733,P001,11,202601,202605,Partially Invoiced,9431206.070793368,3091044.6478351136,2345614.18440376,0.0
PO100734,P001,13,202505,202509,Closed,39615910.76579235,39459360.14561513,30671824.367912382,0.0
PO100735,P001,1,202507,202507,Open,15068616.321262078,1040104.4213759026,337121.43882688234,0.0
PO100736,P001,9,202506,202509,Open,5539641.0905868225,275855.64257980214,124346.87380696191,0.0
PO100737,P001,1,202510,202601,Closed,17450767.839422055,15886546.846278694,15724004.231440596,0.0
PO100738,P001,6,202503,202506,Closed,43634959.89814722,42049019.15907426,42027216.022555865,0.0
PO100739,P033,14,202412,202501,Closed,2138415.7613260336,2059933.6741991215,1586083.385434393,0.031624651660344186
PO100740,P033,3,202410,202502,Partially Invoiced,15742378.730261505,4629558.853072055,3934020.9314221623,0.05319294205338211
PO100741,P033,8,202507,202511,Closed,16991569.700992722,17018819.202863146,12719416.673835088,0.0
PO100742,P033,13,202507,202508,Partially Invoiced,18683534.81617883,13253611.130819261,10062568.279482292,0.07276523273490171
PO100743,P033,5,202509,202509,Partially Invoiced,8083516.751707135,4455215.172679922,3771239.8238058668,0.0
PO100744,P033,2,202502,202506,Closed,25030786.051585514,25518878.795502823,19153201.690414365,0.0
PO100745,P033,7,202509,202512,Open,2110127.1992170773,308159.9475318613,60639.984087608784,0.0
PO100746,P033,8,202508,202510,Partially Invoiced,5152121.860925533,1851416.0892409054,1299253.2094890587,0.0
PO100747,P019,5,202612,202703,Open,1519053.0614291264,185640.12498978197,7159.839949861113,0.0
PO100748,P019,4,202510,202602,Closed,2809681.108090303,2801547.7536354656,1990482.1630474417,0.0
PO100749,P019,3,202603,202606,Closed,5077429.015589123,4877083.437397263,4285074.44437348,0.0
PO100750,P019,6,202502,202503,Closed,14763435.570340449,14372695.741651017,10650659.958674321,0.0
PO100751,P019,2,202502,202505,Closed,8835101.33985005,8657639.219540533,8518474.42106156,0.0
PO100752,P019,5,202507,202509,Partially Invoiced,2764135.9091462316,1116678.593606483,981329.6757219936,0.0
PO100753,P019,13,202603,202603,Closed,5417088.655899101,5395055.064453674,5251119.294126423,0.07336491877993512
PO100754,P019,6,202605,202607,Open,4562592.544555357,627217.206390272,38251.21697062617,0.0
PO100755,P019,9,202611,202703,Partially Invoiced,6403843.466421281,3644258.293192898,3176566.0641679275,0.0
PO100756,P019,2,202609,202612,Closed,16291155.94420026,14799811.241119185,10961968.33593619,0.0
PO100757,P019,2,202510,202602,Partially Invoiced,3083099.4654503055,1600282.38610287,1174377.5609400335,0.0508789853383254
PO100758,P019,5,202608,202610,Closed,26114518.32733279,23851733.993906405,23765757.426493756,0.0
PO100759,P019,11,202506,202506,Partially Invoiced,4979650.075355698,2304030.7378143114,1645610.3214308398,0.04849619725086045
PO100760,P019,10,202610,202612,Closed,469378.9050211413,434501.0829628371,333629.88134179055,0.0
PO100761,P034,10,202505,202508,Open,2191811.360753213,398979.4191638407,119679.13214610968,0.0
PO100762,P034,3,202504,202507,Partially Invoiced,13657343.578387886,5121905.526992478,3813438.5049996185,0.06760163061476246
PO100763,P034,2,202510,202602,Partially Invoiced,4338374.957655607,1568868.6750848887,1284624.1943386213,0.03796626534827268
PO100764,P034,4,202504,202507,Closed,5638975.213336731,5460091.244037584,4977822.752684773,0.0
PO100765,P034,9,202505,202506,Open,8246194.493486585,2038651.4934083668,228577.64360445124,0.0
PO100766,P034,10,202508,202509,Partially Invoiced,12955436.277170638,3667028.449714388,2955887.9052752415,0.0
PO100767,P034,13,202506,202507,Closed,4242383.653848335,4040744.9164560256,3736536.0623661242,0.0
PO100768,P034,11,202412,202503,Open,5389477.024432481,1090997.933284398,493231.1361765296,0.0
PO100769,P060,6,202604,202604,Open,48335514.07074246,6228103.4003049,505698.85659103654,0.0
PO100770,P060,10,202605,202605,Partially Invoiced,4542222.804671194,3299668.9274854343,2883114.263077141,0.0
PO100771,P060,4,202501,202503,Closed,10693968.702845577,10537974.244590258,9369988.448240254,0.06418670142939564
PO100772,P060,6,202501,202503,Closed,23497610.29805414,23489719.863513477,17738020.147657827,0.0
PO100773,P060,8,202505,202509,Open,2065035.0357964982,232364.65710866917,39443.78682399647,0.0
PO100774,P060,10,202509,202510,Partially Invoiced,36673795.47071168,28812680.18316558,24274915.425990395,0.0
PO100775,P060,1,202507,202507,Closed,22105295.030774835,21111884.20505558,15398709.328027483,0.0
PO100776,P060,1,202607,202611,Partially Invoiced,15755877.131377792,10310842.011930248,10197748.11825802,0.0
PO100777,P060,3,202507,202510,Open,25225160.567294624,3382566.3198941867,980956.5731635412,0.06072085272096004
PO100778,P060,4,202502,202506,Closed,16357947.755910728,15807173.891433131,15091873.075155208,0.03169703373624401
PO100779,P018,2,202603,202607,Partially Invoiced,7174194.862332788,5990312.524969078,5707013.870475574,0.0
PO100780,P018,7,202512,202603,Partially Invoiced,6663479.630252423,4691950.189687071,4391342.870448041,0.0
PO100781,P018,3,202503,202506,Open,5623627.422366751,1391070.376258146,116318.90384440722,0.0
PO100782,P018,7,202501,202505,Partially Invoiced,29711572.49645305,24289891.525784247,22841154.951186992,0.0
PO100783,P018,9,202601,202603,Partially Invoiced,20921054.43953088,13441848.082712911,10444024.455017133,0.0
PO100784,P018,4,202507,202509,Partially Invoiced,7393421.697854432,2582269.3854261483,2336414.9547770545,0.0
PO100785,P018,5,202607,202611,Open,1560821.35039648,27614.061776672006,6143.035144914017,0.0
PO100786,P018,12,202703,202707,Open,3935914.4691725424,756698.1474866003,19170.991861964274,0.0
PO100787,P018,11,202509,202511,Partially Invoiced,2654287.4802435865,1113537.854182594,780223.3072710369,0.0
PO100788,P018,1,202603,202603,Partially Invoiced,594723.6975705118,175869.3940043481,169038.28900200082,0.0
PO100789,P018,9,202703,202705,Open,2196913.78659159,363986.1854580587,97613.85763864582,0.0
PO100790,P018,2,202604,202607,Partially Invoiced,7102827.565082945,2479171.7261488903,1819350.8771128624,0.0
PO100791,P018,6,202501,202501,Closed,19152301.273807783,19170113.451223902,14018851.17752662,0.0
PO100792,P018,5,202412,202504,Closed,18554350.291753955,18048329.048951574,17460968.94792472,0.0
PO100793,P018,12,202502,202505,Closed,8289872.244613023,8350868.930627364,6180324.207099601,0.0
