month_key,project_id,planned_labor_hours,planned_labor_cost,blended_labor_rate
202207,P056,698.7808451594493,41480.343197219634,96.12719666443417
202208,P056,60.0156358188928,3562.589312818053,96.12719666443417
202209,P056,1105.507394811088,65624.0457383522,96.12719666443417
202210,P056,1724.2027626873862,102350.43337735925,96.12719666443417
202211,P056,1264.5511001487278,75065.04219162134,96.12719666443417
202212,P056,3552.771894026844,210896.16077275597,96.12719666443417
202301,P056,3747.441983531317,222451.9757021655,96.12719666443417
202302,P056,4197.3073236538585,249156.44081462713,96.12719666443417
202303,P056,4905.876254142499,291217.81473344006,96.12719666443417
202304,P056,4504.408333337211,267386.2697604555,96.12719666443417
202305,P056,2773.3453285514424,164628.60541987204,96.12719666443417
202306,P056,1779.1542065565748,105612.40709439291,96.12719666443417
202307,P056,1353.099353314305,80321.35675185277,96.12719666443417
202308,P056,1550.8573958180064,92060.47571867573,96.12719666443417
202309,P056,454.52547873917075,26981.095690565533,96.12719666443417
202207,P036,536.5732169537711,23596.285206098317,84.88168712153461
202208,P036,520.1859102291842,22875.638794731723,84.88168712153461
202209,P036,170.54076197194166,7499.681928965836,84.88168712153461
202210,P036,1126.3058297116781,49530.302198176425,84.88168712153461
202211,P036,1458.9347198975606,64157.953956818455,84.88168712153461
202212,P036,4163.094005544287,183075.76746433965,84.88168712153461
202301,P036,5819.474593792943,255916.57937077427,84.88168712153461
202302,P036,7270.447401886364,319724.4011633695,84.88168712153461
202303,P036,7427.255978473289,326620.1980071135,84.88168712153461
202304,P036,6077.863745128452,267279.47247917124,84.88168712153461
202305,P036,3458.3816292386305,152085.41294388988,84.88168712153461
202306,P036,2408.3721084659464,105910.30889764098,84.88168712153461
202307,P036,1515.0015542237268,66623.54294181109,84.88168712153461
202308,P036,1254.217388188678,55155.32692847311,84.88168712153461
202309,P036,131.7341528823011,5793.126724516228,84.88168712153461
202207,P051,165.37612326408401,10046.903630605486,88.34696114539643
202208,P051,1279.223296390014,77715.16786817292,88.34696114539643
202209,P051,450.2782974388781,27355.234673734856,88.34696114539643
202210,P051,1775.3923189138955,107858.34848820008,88.34696114539643
202211,P051,4560.596898251636,277064.6489372842,88.34696114539643
202212,P051,6664.2747733277065,404866.9487104846,88.34696114539643
202301,P051,7528.328504263867,457359.8019412875,88.34696114539643
202302,P051,9615.548704872876,584162.2677233958,88.34696114539643
202303,P051,10768.237461157778,654190.2295712113,88.34696114539643
202304,P051,7727.128576100452,469437.2719174711,88.34696114539643
202305,P051,6446.140946821801,391614.9175815386,88.34696114539643
202306,P051,2208.6154114477367,134177.44809782106,88.34696114539643
202307,P051,1841.208908613811,111856.82735539557,88.34696114539643
202308,P051,2845.356708039605,172860.65289316914,88.34696114539643
202309,P051,430.0903367404874,26128.778933740905,88.34696114539643
202207,P041,1263.7345490498342,83325.91655564403,90.32494462865603
202208,P041,805.5612137899736,53115.685197651175,90.32494462865603
202209,P041,280.09834077120286,18468.634087770934,90.32494462865603
202210,P041,235.73423720266294,15543.43148505857,90.32494462865603
202211,P041,640.9534982252017,42262.069790936126,90.32494462865603
202212,P041,1559.5198568613532,102828.89041642766,90.32494462865603
202301,P041,1244.6839100149778,82069.78886668936,90.32494462865603
202302,P041,3219.4296889092375,212277.11928625562,90.32494462865603
202303,P041,3642.258107943841,240156.83942868793,90.32494462865603
202304,P041,4359.338905552052,287438.45782717346,90.32494462865603
202305,P041,5373.252481647058,354292.1163742545,90.32494462865603
202306,P041,5811.482985810066,383187.3922448715,90.32494462865603
202307,P041,7503.970758350866,494783.6883279512,90.32494462865603
202308,P041,5984.457754358229,394592.6997448627,90.32494462865603
202309,P041,5011.11770961563,330414.30768502003,90.32494462865603
202310,P041,4732.387409495747,312035.8770669907,90.32494462865603
202311,P041,2170.618077709132,143122.41518865936,90.32494462865603
202312,P041,3175.804157990236,209400.6153940533,90.32494462865603
202401,P041,2598.2285595359263,171317.4466165871,90.32494462865603
202402,P041,1153.135182239025,76033.40910863812,90.32494462865603
202403,P041,755.0160358149204,49782.92573055729,90.32494462865603
202404,P041,157.84398658727184,10407.640485155836,90.32494462865603
202405,P041,2133.655070930337,140685.21315061164,90.32494462865603
202406,P041,286.03987103708255,18860.396309924123,90.32494462865603
202208,P061,188.43611861139794,8623.89943765303,95.52237698339577
202209,P061,129.04053127757032,5905.622411030573,95.52237698339577
202210,P061,1175.5622690801192,53800.3587950837,95.52237698339577
202211,P061,2194.3692976754273,100426.7137939315,95.52237698339577
202212,P061,6012.384252267063,275160.609092187,95.52237698339577
202301,P061,6079.514493457921,278232.86749743065,95.52237698339577
202302,P061,8880.553361818667,406424.2020446887,95.52237698339577
202303,P061,5863.351001603271,268340.0070968679,95.52237698339577
202304,P061,5066.641861893685,231878.10397263887,95.52237698339577
202305,P061,2678.3256950206996,122575.2877173918,95.52237698339577
202306,P061,388.4474930030736,17777.54785628612,95.52237698339577
202307,P061,929.7478379935875,42550.504204383615,95.52237698339577
202208,P021,287.8404279972627,12696.507909603706,92.98004134333145
202209,P021,0.0,0.0,92.98004134333145
202210,P021,320.5543971239476,14139.505929935433,92.98004134333145
202211,P021,0.0,0.0,92.98004134333145
202212,P021,497.07656885588386,21925.81713440691,92.98004134333145
202301,P021,758.6253188465921,33462.611309252876,92.98004134333145
202302,P021,105.87109947487374,4669.925143016943,92.98004134333145
202303,P021,722.7082906303439,31878.327836601176,92.98004134333145
202304,P021,949.98551205869,41903.42076609471,92.98004134333145
202305,P021,801.07862202262,35335.20684183168,92.98004134333145
202306,P021,1521.2614394669006,67102.13722636037,92.98004134333145
202307,P021,1082.7031275112909,47757.53328969655,92.98004134333145
202308,P021,1688.3893736922905,74474.07296718887,92.98004134333145
202309,P021,1701.240150581663,75040.91478143889,92.98004134333145
202310,P021,1049.2320544837992,46281.139767100365,92.98004134333145
202311,P021,1382.8884624810094,60998.56932590726,92.98004134333145
202312,P021,1083.7718121672167,47804.6724747,92.98004134333145
202401,P021,561.8533887339603,24783.09264522846,92.98004134333145
202402,P021,252.84087944381346,11152.694039768672,92.98004134333145
202403,P021,536.2464726119267,23653.5834399161,92.98004134333145
202404,P021,686.266613361382,30270.90233732767,92.98004134333145
202405,P021,0.0,0.0,92.98004134333145
202406,P021,0.0,0.0,92.98004134333145
202407,P021,394.255324526017,17390.419688701804,92.98004134333145
202208,P011,2031.6465059182672,70834.7880405346,76.09569083109756
202209,P011,67.8482752439073,2365.5779594618953,76.09569083109756
202210,P011,830.3242751426725,28949.84135444273,76.09569083109756
202211,P011,1486.533030868625,51829.022347192054,76.09569083109756
202212,P011,2358.5062718990007,82230.98426599914,76.09569083109756
202301,P011,3382.037365874778,117917.11759848124,76.09569083109756
202302,P011,5948.063926631336,207383.4430680386,76.09569083109756
202303,P011,9441.241691860978,329175.5490604698,76.09569083109756
202304,P011,11235.791540875469,391743.79496979463,76.09569083109756
202305,P011,12715.756606114564,443343.8205639246,76.09569083109756
202306,P011,9599.16862186837,334681.78283705376,76.09569083109756
202307,P011,9054.563512708744,315693.7416789399,76.09569083109756
202308,P011,7059.329731578814,246128.5089645147,76.09569083109756
202309,P011,3494.0717583268797,121823.2756921639,76.09569083109756
202310,P011,1771.012982952021,61747.61647708025,76.09569083109756
202311,P011,2342.037194046157,81656.7782535206,76.09569083109756
202312,P011,1847.2890263916559,64407.034517511005,76.09569083109756
202401,P011,375.36728418296514,13087.445052570145,76.09569083109756
202209,P042,100.84251708658067,5108.80645267517,92.69684639490816
202210,P042,155.86946560441933,7896.539620993397,92.69684639490816
202211,P042,0.0,0.0,92.69684639490816
202212,P042,0.0,0.0,92.69684639490816
202301,P042,0.0,0.0,92.69684639490816
202302,P042,73.82400858205581,3740.0154448995036,92.69684639490816
202303,P042,0.0,0.0,92.69684639490816
202304,P042,72.65573199093782,3680.829110011725,92.69684639490816
202305,P042,361.4380694822565,18310.898963658736,92.69684639490816
202306,P042,472.2222651795418,23923.36313238619,92.69684639490816
202307,P042,507.37177707103217,25704.08081325737,92.69684639490816
202308,P042,547.2735322080807,27725.553005806847,92.69684639490816
202309,P042,1146.4677175615084,58081.47042019266,92.69684639490816
202310,P042,797.7564725945069,40415.32810367092,92.69684639490816
202311,P042,1177.9931335134172,59678.58692512977,92.69684639490816
202312,P042,1220.4188511226034,61827.9261735253,92.69684639490816
202401,P042,1193.5028231458261,60464.32695584528,92.69684639490816
202402,P042,969.3774165559568,49109.85707076999,92.69684639490816
202403,P042,850.9597610269456,43110.67239990478,92.69684639490816
202404,P042,454.7360997321349,23037.492396002657,92.69684639490816
202405,P042,854.8303041427638,43306.75889414086,92.69684639490816
202406,P042,63.0128389633052,3192.308240587874,92.69684639490816
202407,P042,409.577759405436,20749.71510604208,92.69684639490816
202408,P042,144.57302245835677,7324.24786049189,92.69684639490816
202409,P042,39.19635319412032,1985.7356589733927,92.69684639490816
202410,P042,196.22168202982772,9940.83273871551,92.69684639490816
202411,P042,0.0,0.0,92.69684639490816
202412,P042,126.75004697924703,6421.313911953392,92.69684639490816
202501,P042,75.32353448596797,3815.983279055038,92.69684639490816
202502,P042,14.845597950917139,752.0963260005673,92.69684639490816
202209,P008,73.56086416865567,3877.8229793371447,88.02118593261629
202210,P008,273.09401353542813,14396.381189582835,88.02118593261629
202211,P008,175.49293256861802,9251.257911619607,88.02118593261629
202212,P008,612.6908181070683,32298.51308213477,88.02118593261629
202301,P008,423.9561272889094,22349.20471927024,88.02118593261629
202302,P008,168.4278862620213,8878.818038496478,88.02118593261629
202303,P008,653.3149113418077,34440.04641022653,88.02118593261629
202304,P008,763.4133384411166,40243.977827015085,88.02118593261629
202305,P008,1827.7660811115368,96352.23009257976,88.02118593261629
202306,P008,2577.6409617768045,135882.51670265096,88.02118593261629
202307,P008,2590.8777644490483,136580.30591646023,88.02118593261629
202308,P008,3087.0387716388227,162735.85176105893,88.02118593261629
202309,P008,3295.024248638404,173699.98154926003,88.02118593261629
202310,P008,2904.3841669485996,153107.06026500554,88.02118593261629
202311,P008,2916.2481607830305,153732.48070341133,88.02118593261629
202312,P008,2192.644814804835,115587.12019587215,88.02118593261629
202401,P008,1712.6793856469462,90285.33790293189,88.02118593261629
202402,P008,1104.2934275374516,58213.759145319826,88.02118593261629
202403,P008,304.7685409745356,16066.130610707134,88.02118593261629
202404,P008,1289.1337783468018,67957.77409100962,88.02118593261629
202405,P008,408.9881274811696,21560.15398876102,88.02118593261629
202406,P008,188.06702349790942,9914.111717117145,88.02118593261629
202407,P008,228.90471451126723,12066.905032209095,88.02118593261629
202408,P008,365.699329292815,19278.14849222666,88.02118593261629
202209,P039,1013.1660555216201,54799.43310735325,94.43118737183028
202210,P039,1746.4902505621399,94462.97093821487,94.43118737183028
202211,P039,241.18612420592765,13045.110234215192,94.43118737183028
202212,P039,885.160947232182,47875.98030227959,94.43118737183028
202301,P039,1729.257148390025,93530.87868683481,94.43118737183028
202302,P039,1986.3546939732187,107436.59500497323,94.43118737183028
202303,P039,2825.573732509409,152827.70075121179,94.43118737183028
202304,P039,3322.1919910427387,179688.44967787847,94.43118737183028
202305,P039,3843.0716480212595,207861.43254087018,94.43118737183028
202306,P039,3820.3699072237655,206633.55630136054,94.43118737183028
202307,P039,3474.304005045113,187915.7803219715,94.43118737183028
202308,P039,3107.295270170466,168065.26272224484,94.43118737183028
202309,P039,3518.833152102807,190324.24239214943,94.43118737183028
202310,P039,2686.6814496969696,145315.38989197236,94.43118737183028
202311,P039,1352.2370828897056,73138.87507901773,94.43118737183028
202312,P039,753.7310300281418,40767.28877350572,94.43118737183028
202401,P039,968.9902755493881,52410.08371456575,94.43118737183028
202402,P039,2019.2978825297018,109218.40367079405,94.43118737183028
202210,P043,297.1446640373115,12196.473781606892,68.88155321081645
202211,P043,438.246883485099,17988.095601897727,68.88155321081645
202212,P043,15.105006747791757,619.9936968994485,68.88155321081645
202301,P043,0.0,0.0,68.88155321081645
202302,P043,147.89536555812083,6070.450412746735,68.88155321081645
202303,P043,384.9630247526173,15801.02894828972,68.88155321081645
202304,P043,664.4281117759905,27271.834314416257,68.88155321081645
202305,P043,354.14725167997176,14536.177803955272,68.88155321081645
202306,P043,988.6236056876612,40578.62497955938,68.88155321081645
202307,P043,871.7572039261938,35781.77624713357,68.88155321081645
202308,P043,1057.5326420021909,43407.03604138625,68.88155321081645
202309,P043,1232.0021949477368,50568.239272422,68.88155321081645
202310,P043,1166.087668083299,47862.73957471182,68.88155321081645
202311,P043,1451.1259878996927,59562.30148896312,68.88155321081645
202312,P043,1619.6196095059938,66478.21917823786,68.88155321081645
202401,P043,1516.69305396691,62253.53945824157,68.88155321081645
202402,P043,1486.9993330760276,61034.74359159756,68.88155321081645
202403,P043,1268.8899120128124,52082.31685313546,68.88155321081645
202404,P043,1341.91147423579,55079.528908179105,68.88155321081645
202405,P043,1194.7587110037782,49039.55903537372,68.88155321081645
202406,P043,980.7910783812705,40257.134387609476,68.88155321081645
202407,P043,754.652788706773,30975.15811531771,68.88155321081645
202408,P043,790.2369350995219,32435.729887407575,68.88155321081645
202409,P043,470.92909318780715,19329.55571209512,68.88155321081645
202410,P043,585.2199578279807,24020.690040813963,68.88155321081645
202411,P043,28.719987917452713,1178.8284362370205,68.88155321081645
202412,P043,237.18776671516295,9735.50841786656,68.88155321081645
202501,P043,648.1505587998547,26603.712782618437,68.88155321081645
202502,P043,486.42651476129146,19965.656301401938,68.88155321081645
202503,P043,139.33821519636243,5719.217250372502,68.88155321081645
202210,P027,707.7944317295613,26845.458495345098,80.5048221306233
202211,P027,13.53482563094174,513.3532893573399,80.5048221306233
202212,P027,647.4057402769823,24555.016472486917,80.5048221306233
202301,P027,626.2818552921456,23753.82286004896,80.5048221306233
202302,P027,1095.564184341491,41552.916385422504,80.5048221306233
202303,P027,2526.797467926495,95837.2000548344,80.5048221306233
202304,P027,1410.6233175257314,53502.58214191801,80.5048221306233
202305,P027,3190.1799638430816,120998.18813600607,80.5048221306233
202306,P027,3789.0037473066723,143710.57227516195,80.5048221306233
202307,P027,4202.731820728166,159402.58583940475,80.5048221306233
202308,P027,4338.045081479689,164534.79141002268,80.5048221306233
202309,P027,2897.7645180223612,109907.3595531989,80.5048221306233
202310,P027,2639.3264315715933,100105.23535948755,80.5048221306233
202311,P027,1515.9312727666188,57496.73668017958,80.5048221306233
202312,P027,1597.7165601892477,60598.715786837696,80.5048221306233
202401,P027,515.5367079234787,19553.4447220328,80.5048221306233
202402,P027,0.0,0.0,80.5048221306233
202403,P027,1066.1125929789239,40435.86680421337,80.5048221306233
202211,P058,0.0,0.0,93.79974222097556
202212,P058,36.735775496870296,2110.1985317874273,93.79974222097556
202301,P058,762.7879259477332,43816.523256388486,93.79974222097556
202302,P058,0.0,0.0,93.79974222097556
202303,P058,0.0,0.0,93.79974222097556
202304,P058,51.66258719063438,2967.6334353498114,93.79974222097556
202305,P058,253.24198842586247,14546.878756070117,93.79974222097556
202306,P058,632.956234030212,36358.653047899985,93.79974222097556
202307,P058,711.8457786268635,40890.27376175739,93.79974222097556
202308,P058,1454.4271197534908,83546.07820807016,93.79974222097556
202309,P058,1432.4385384859006,82282.99688531678,93.79974222097556
202310,P058,2005.340941818672,115192.00163664696,93.79974222097556
202311,P058,2231.8614595524923,128203.92958634708,93.79974222097556
202312,P058,3490.5006303238115,200503.43856059096,93.79974222097556
202401,P058,1955.1157323820169,112306.93491957235,93.79974222097556
202402,P058,3643.6060193345043,209298.21048875214,93.79974222097556
202403,P058,2704.326947270089,155343.57656581106,93.79974222097556
202404,P058,3603.861712979534,207015.19411621598,93.79974222097556
202405,P058,2248.7301914478267,129172.91343920417,93.79974222097556
202406,P058,1256.0024862705382,72148.05095581146,93.79974222097556
202407,P058,1182.1048664523016,67903.17939031767,93.79974222097556
202408,P058,1942.0276402896343,111555.12085429973,93.79974222097556
202409,P058,1410.9794895219875,81050.33327594065,93.79974222097556
202410,P058,121.79885824388495,6996.443340675571,93.79974222097556
202411,P058,375.0566479471292,21544.22976323375,93.79974222097556
202412,P058,517.8578572027945,29747.10279457745,93.79974222097556
202501,P058,208.4246163187144,11972.452286506903,93.79974222097556
202502,P058,0.0,0.0,93.79974222097556
202503,P058,0.0,0.0,93.79974222097556
202504,P058,312.7319314977289,17964.135880179696,93.79974222097556
202212,P046,236.06040551618162,8496.574509981096,76.39293765237618
202301,P046,1053.285145344562,37911.12574812074,76.39293765237618
202302,P046,167.10568995870992,6014.672145764197,76.39293765237618
202303,P046,598.5519085780612,21543.811543508833,76.39293765237618
202304,P046,1275.151085975016,45896.79573657832,76.39293765237618
202305,P046,608.5572644468576,21903.936535466783,76.39293765237618
202306,P046,1532.6536586772834,55165.14292378444,76.39293765237618
202307,P046,2774.326356044332,99856.94359708774,76.39293765237618
202308,P046,2302.3240188728105,82868.05883306431,76.39293765237618
202309,P046,3240.0670311999943,116620.4509719733,76.39293765237618
202310,P046,4281.387953724048,154100.9457956653,76.39293765237618
202311,P046,5474.818215517865,197056.34579010578,76.39293765237618
202312,P046,5036.55133225316,181281.70869764982,76.39293765237618
202401,P046,4503.23997621083,162086.11482529202,76.39293765237618
202402,P046,4253.924665788277,153112.4535844234,76.39293765237618
202403,P046,3591.3053591490866,129262.64997885448,76.39293765237618
202404,P046,3235.466433490702,116454.86063867714,76.39293765237618
202405,P046,2505.6966030323633,90188.09334211539,76.39293765237618
202406,P046,971.4343707591156,34965.05267227305,76.39293765237618
202407,P046,1369.2486061111163,49283.668640115786,76.39293765237618
202408,P046,1127.406909054913,40579.00682203105,76.39293765237618
202409,P046,836.088929378054,30093.534194763535,76.39293765237618
202410,P046,168.64948324941116,6070.23823993306,76.39293765237618
202411,P046,920.6344604960666,33136.60023991136,76.39293765237618
202212,P035,1758.6785622143163,61142.693578112296,76.96685162482801
202301,P035,417.7673406751273,14524.21212531354,76.96685162482801
202302,P035,868.8783913756895,30207.660673157683,76.96685162482801
202303,P035,1105.1968206812708,38423.570971000474,76.96685162482801
202304,P035,1603.4575125379263,55746.2366694166,76.96685162482801
202305,P035,8.934040368327684,310.60325882824844,76.96685162482801
202306,P035,2682.933913668678,93275.60459213641,76.96685162482801
202307,P035,2529.748427273267,87949.91662588525,76.96685162482801
202308,P035,3817.127360455634,132707.28009279392,76.96685162482801
202309,P035,2709.0511071227565,94183.60198904129,76.96685162482801
202310,P035,3039.557397748669,105674.07289575157,76.96685162482801
202311,P035,4919.7340251181295,171040.8010005378,76.96685162482801
202312,P035,3744.209248239591,130172.18932219488,76.96685162482801
202401,P035,4114.584120523651,143048.74209974395,76.96685162482801
202402,P035,2917.3260437706213,101424.54465193894,76.96685162482801
202403,P035,4342.675792300509,150978.63872486257,76.96685162482801
202404,P035,1879.1064610308297,65329.522413009225,76.96685162482801
202405,P035,2624.8173317442993,91255.107818732,76.96685162482801
202406,P035,1571.0380208594993,54619.13187139344,76.96685162482801
202407,P035,1533.7637701481385,53323.245210485395,76.96685162482801
202408,P035,988.9643703890935,34382.6022318923,76.96685162482801
202409,P035,1288.4929274089798,44796.092890868815,76.96685162482801
202410,P035,452.66337311230564,15737.417007797489,76.96685162482801
202411,P035,2913.1123474987853,101278.05015003536,76.96685162482801
202212,P045,913.705294742107,37333.32238476674,83.02226947849513
202301,P045,1809.8040883447213,73947.25615824829,83.02226947849513
202302,P045,872.6313758996916,35655.07244731569,83.02226947849513
202303,P045,3362.2721565283287,137379.95290968116,83.02226947849513
202304,P045,3063.54503626943,125174.18377397067,83.02226947849513
202305,P045,8416.547842146922,343893.9182752265,83.02226947849513
202306,P045,12001.931674096077,490390.04918477585,83.02226947849513
202307,P045,8698.562862115763,355416.8433566827,83.02226947849513
202308,P045,12155.076587631718,496647.4370553661,83.02226947849513
202309,P045,9800.791532855277,400453.0914152711,83.02226947849513
202310,P045,5285.637753499068,215967.24829768154,83.02226947849513
202311,P045,6316.83792917896,258101.3245949537,83.02226947849513
202312,P045,4581.0509694103375,187178.35355251643,83.02226947849513
202401,P045,865.9325956935953,35381.365243846456,83.02226947849513
202402,P045,2118.250082198062,86550.1312790133,83.02226947849513
202301,P006,1326.7188826828012,81656.86039566716,89.93087074638872
202302,P006,424.6633701133733,26137.170414263208,89.93087074638872
202303,P006,367.13115910573737,22596.179339345505,89.93087074638872
202304,P006,1710.3613243268458,105269.2757370643,89.93087074638872
202305,P006,1101.6438292075122,67803.94666987893,89.93087074638872
202306,P006,2533.6152122625394,155938.8853090775,89.93087074638872
202307,P006,3264.714245273075,200936.55018984622,89.93087074638872
202308,P006,3723.8256801705625,229193.9292283277,89.93087074638872
202309,P006,4182.84841477489,257445.8489433985,89.93087074638872
202310,P006,4987.5652227381925,306974.5387838798,89.93087074638872
202311,P006,4200.3276328878865,258521.65941983656,89.93087074638872
202312,P006,3372.8744650885037,207593.59267647576,89.93087074638872
202401,P006,3743.28531061102,230391.6300728461,89.93087074638872
202402,P006,2533.582729190982,155936.88604180695,89.93087074638872
202403,P006,1321.9722904069085,81364.71725375004,89.93087074638872
202404,P006,1122.6239930706708,69095.23326722343,89.93087074638872
202405,P006,203.29883257845313,12512.631430173025,89.93087074638872
202406,P006,2522.093778133519,155229.764371318,89.93087074638872
202301,P053,579.1439941320904,35100.722506508035,93.18839903438116
202302,P053,276.4733436410313,16756.478896294848,93.18839903438116
202303,P053,472.1598820950646,28616.63622181055,93.18839903438116
202304,P053,0.0,0.0,93.18839903438116
202305,P053,0.0,0.0,93.18839903438116
202306,P053,292.48537119024763,17726.934847606008,93.18839903438116
202307,P053,790.3455340707077,47901.2120590972,93.18839903438116
202308,P053,341.6650479540748,20707.613581284008,93.18839903438116
202309,P053,426.4239148868268,25844.673618712302,93.18839903438116
202310,P053,800.5016454566855,48516.75301456999,93.18839903438116
202311,P053,1088.7003602144985,65983.88246068665,93.18839903438116
202312,P053,868.082522425436,52612.690524517704,93.18839903438116
202401,P053,1010.8756895441445,61267.08975103554,93.18839903438116
202402,P053,1061.697843063774,64347.31561187525,93.18839903438116
202403,P053,1372.4036291712782,83178.55221248916,93.18839903438116
202404,P053,1225.4563197458124,74272.37899221602,93.18839903438116
202405,P053,1063.7526611935932,64471.853898910784,93.18839903438116
202406,P053,1745.6113994410994,105797.90510959577,93.18839903438116
202407,P053,1434.6945108687135,86953.87402416405,93.18839903438116
202408,P053,1003.6289648069938,60827.88071725982,93.18839903438116
202409,P053,1474.0253612162398,89337.63571034437,93.18839903438116
202410,P053,2189.124535162146,132678.32114199453,93.18839903438116
202411,P053,817.7042546647825,49559.36766363703,93.18839903438116
202412,P053,1036.883213157196,62843.352094550355,93.18839903438116
202501,P053,1236.4742032412385,74940.15017710338,93.18839903438116
202502,P053,819.4894139662073,49667.56248548461,93.18839903438116
202503,P053,1094.930545087469,66361.48111077385,93.18839903438116
202504,P053,736.9632168636572,44665.81995968141,93.18839903438116
202505,P053,237.858501776155,14416.11300687051,93.18839903438116
202506,P053,432.52459391585603,26214.423186814336,93.18839903438116
202507,P053,613.3689988146201,37175.029422089065,93.18839903438116
202508,P053,522.5642267115892,31671.53954711985,93.18839903438116
202509,P053,0.0,0.0,93.18839903438116
202510,P053,488.0996455472216,29582.712395305207,93.18839903438116
202511,P053,328.55375418520305,19912.96511916509,93.18839903438116
202512,P053,483.7993002519739,29322.07734008571,93.18839903438116
202302,P044,0.0,0.0,93.65813276617982
202303,P044,1151.3616554994474,70041.60386380344,93.65813276617982
202304,P044,0.0,0.0,93.65813276617982
202305,P044,1190.9021926300818,72447.00152928723,93.65813276617982
202306,P044,2558.960696219127,155671.0791361844,93.65813276617982
202307,P044,4245.772132349266,258286.08098033545,93.65813276617982
202308,P044,5003.114796952952,304358.0468565294,93.65813276617982
202309,P044,7168.183138359134,436067.19174815074,93.65813276617982
202310,P044,7420.590948566589,451422.09589163784,93.65813276617982
202311,P044,6516.568544990616,396427.05695419415,93.65813276617982
202312,P044,3367.174684294102,204837.73647581588,93.65813276617982
202401,P044,2195.1189520150547,133537.23509601422,93.65813276617982
202402,P044,547.9339459974327,33332.856106307314,93.65813276617982
202403,P044,521.1872618233234,31705.756012566068,93.65813276617982
202404,P044,1162.2851979953693,70706.12350681423,93.65813276617982
202303,P052,686.3602646482336,48654.30728504659,96.82601940254283
202304,P052,430.49164068553205,30516.441070918347,96.82601940254283
202305,P052,24.520272553242826,1738.1788208995508,96.82601940254283
202306,P052,184.323333555998,13066.205275204733,96.82601940254283
202307,P052,142.05108733328447,10069.63486854935,96.82601940254283
202308,P052,412.0889543338098,29211.92214296742,96.82601940254283
202309,P052,79.21729349427584,5615.509432113711,96.82601940254283
202310,P052,416.06048043515733,29493.45337558413,96.82601940254283
202311,P052,616.2413861606607,43683.76100471131,96.82601940254283
202312,P052,512.7910793942413,36350.43582055992,96.82601940254283
202401,P052,627.0520753208198,44450.10285090061,96.82601940254283
202402,P052,785.5914967721328,55688.55315955739,96.82601940254283
202403,P052,730.147166521676,51758.24772061727,96.82601940254283
202404,P052,850.9173441575055,60319.33383852477,96.82601940254283
202405,P052,1032.7267059213025,73207.33014333351,96.82601940254283
202406,P052,910.5527852645665,64546.736306511906,96.82601940254283
202407,P052,1003.4712520102521,71133.48654010384,96.82601940254283
202408,P052,957.6436881059552,67884.88884124446,96.82601940254283
202409,P052,1094.9761778252519,77620.03450625124,96.82601940254283
202410,P052,1085.5433719488335,76951.36724896666,96.82601940254283
202411,P052,1265.0527942757883,89676.32678451476,96.82601940254283
202412,P052,459.8465987905145,32597.338269580447,96.82601940254283
202501,P052,1148.4625557816182,81411.54576162223,96.82601940254283
202502,P052,1053.7118631300013,74694.91376354836,96.82601940254283
202503,P052,691.6442638715256,49028.87634905812,96.82601940254283
202504,P052,768.9509802015853,54508.94989825806,96.82601940254283
202505,P052,998.7059562577161,70795.68702607336,96.82601940254283
202506,P052,699.9430974748226,49617.15923931142,96.82601940254283
202507,P052,520.2680599937461,36880.45967303204,96.82601940254283
202508,P052,326.7892264716714,23165.244640646753,96.82601940254283
202509,P052,561.6962865647341,39817.19970545864,96.82601940254283
202510,P052,160.7221140397744,11393.175751514726,96.82601940254283
202511,P052,0.0,0.0,96.82601940254283
202512,P052,96.09018476766686,6811.585136209849,96.82601940254283
202601,P052,40.04523773463895,2838.7035240777336,96.82601940254283
202602,P052,1021.9520780545624,72443.54458914051,96.82601940254283
202303,P023,832.9173156859516,46672.30754894907,95.48389631891999
202304,P023,187.87506422933393,10527.530900553624,95.48389631891999
202305,P023,573.4928761404045,32135.525805839323,95.48389631891999
202306,P023,751.7004971289299,42121.34401096719,95.48389631891999
202307,P023,1229.5765179521438,68899.00392281672,95.48389631891999
202308,P023,1517.3941050613357,85026.78838662483,95.48389631891999
202309,P023,2284.1694074842053,127992.84523483185,95.48389631891999
202310,P023,2753.308359385744,154280.92573692577,95.48389631891999
202311,P023,3211.875966757013,179976.64366733228,95.48389631891999
202312,P023,2892.8829630478986,162101.95275300826,95.48389631891999
202401,P023,2673.2064636395294,149792.436611877,95.48389631891999
202402,P023,2607.917691247317,146133.9970438712,95.48389631891999
202403,P023,2219.700178267903,124380.32855789264,95.48389631891999
202404,P023,2039.0933645100934,114260.07220303675,95.48389631891999
202405,P023,1059.350616521887,59360.4393201502,95.48389631891999
202406,P023,1313.1953262697891,73584.5623392169,95.48389631891999
202407,P023,160.11254155956073,8971.865083579685,95.48389631891999
202408,P023,986.2936935099652,55266.713430222924,95.48389631891999
202304,P062,496.2086540043902,20185.075587907268,84.92170097101697
202305,P062,0.0,0.0,84.92170097101697
202306,P062,518.1116125488835,21076.057376015062,84.92170097101697
202307,P062,660.987974861041,26888.068411539265,84.92170097101697
202308,P062,1227.325011651046,49925.86874731601,84.92170097101697
202309,P062,1546.2736641943466,62900.254841337526,84.92170097101697
202310,P062,4387.338838307616,178470.82143032708,84.92170097101697
202311,P062,6819.814734994926,277420.54639816575,84.92170097101697
202312,P062,8219.538861765142,334359.3705663238,84.92170097101697
202401,P062,9622.605626278772,391434.1685732475,84.92170097101697
202402,P062,7911.677693541727,321836.0078618997,84.92170097101697
202403,P062,5820.768547378326,236780.74165047746,84.92170097101697
202404,P062,4114.980141167981,167391.6497060491,84.92170097101697
202405,P062,1991.5801035338145,81014.69937049213,84.92170097101697
202406,P062,2168.251679474649,88201.45253535913,84.92170097101697
202407,P062,742.4740601616776,30202.80864809599,84.92170097101697
202408,P062,319.7267491423726,13006.037977841386,84.92170097101697
202409,P062,168.28111703844385,6845.441005566189,84.92170097101697
202304,P030,598.7140655006688,30627.079196626513,72.94543980398184
202305,P030,454.2809081374576,23238.63452148309,72.94543980398184
202306,P030,58.03324687190673,2968.677287541159,72.94543980398184
202307,P030,0.0,0.0,72.94543980398184
202308,P030,138.10258350906912,7064.6056375073795,72.94543980398184
202309,P030,608.8831108470681,31147.274353421126,72.94543980398184
202310,P030,396.1036198147724,20262.5888269263,72.94543980398184
202311,P030,1627.6803275656607,83263.60974575901,72.94543980398184
202312,P030,2840.778858059081,145319.38379152797,72.94543980398184
202401,P030,3450.396107994752,176504.21285980148,72.94543980398184
202402,P030,4040.6416247225607,206698.08540755798,72.94543980398184
202403,P030,4206.75641760714,215195.64912046786,72.94543980398184
202404,P030,4945.251305042401,252973.1838521256,72.94543980398184
202405,P030,5860.003985921407,299767.1451384359,72.94543980398184
202406,P030,4802.708954070329,245681.4629394989,72.94543980398184
202407,P030,2842.5826556726847,145411.65664020463,72.94543980398184
202408,P030,2322.2297810192936,118793.12599173121,72.94543980398184
202409,P030,1418.2317325135893,72549.31543079643,72.94543980398184
202410,P030,488.97800407894164,25013.55641914075,72.94543980398184
202411,P030,1396.2808502654268,71426.42313915117,72.94543980398184
202412,P030,331.66419210133546,16966.204843840278,72.94543980398184
202501,P030,443.3117583917369,22677.51020966171,72.94543980398184
202502,P030,39.101181089218514,2000.2118522131043,72.94543980398184
202503,P030,0.0,0.0,72.94543980398184
202305,P012,595.2669489003,26142.08274512219,66.85435086066016
202306,P012,34.248829435965135,1504.0911219623833,66.85435086066016
202307,P012,511.1961230498469,22449.980420453383,66.85435086066016
202308,P012,809.9030869167533,35568.16576633721,66.85435086066016
202309,P012,269.7843311549164,11848.002516213135,66.85435086066016
202310,P012,512.8508242058518,22522.649219919986,66.85435086066016
202311,P012,1146.271331781127,50340.305402715305,66.85435086066016
202312,P012,1534.8588147774701,67405.73487595587,66.85435086066016
202401,P012,1741.2499390530982,76469.72517247734,66.85435086066016
202402,P012,2049.184943955431,89993.17443024,66.85435086066016
202403,P012,3080.2536860094724,135274.1772147576,66.85435086066016
202404,P012,2313.373556275648,101595.43216746714,66.85435086066016
202405,P012,3041.0068396685956,133550.59033256344,66.85435086066016
202406,P012,2423.0925615299516,106413.9145632551,66.85435086066016
202407,P012,2159.7552938861886,94849.0449642701,66.85435086066016
202408,P012,2428.4833147598174,106650.65795586917,66.85435086066016
202409,P012,1964.1976871571906,86260.82560152537,66.85435086066016
202410,P012,998.227739653872,43838.73859739277,66.85435086066016
202411,P012,839.4126077216575,36864.12270813597,66.85435086066016
202412,P012,1297.8909747266277,56998.92009481209,66.85435086066016
202501,P012,677.2653004234893,29743.169105523924,66.85435086066016
202502,P012,130.6051380404773,5735.729712358204,66.85435086066016
202503,P012,719.973636493456,31618.77274437899,66.85435086066016
202504,P012,553.5026349665907,24307.937320678084,66.85435086066016
202305,P014,0.0,0.0,75.36712308064973
202306,P014,2629.53697434039,140737.35344583812,75.36712308064973
202307,P014,466.70632790658533,24978.927494440228,75.36712308064973
202308,P014,3991.2673361534535,213619.51068437172,75.36712308064973
202309,P014,6927.303361137329,370761.2218715748,75.36712308064973
202310,P014,9202.421452945302,492529.4655366478,75.36712308064973
202311,P014,11622.566919913621,622059.8244168467,75.36712308064973
202312,P014,9150.475771963991,489749.24311133457,75.36712308064973
202401,P014,7824.675435836703,418790.122808049,75.36712308064973
202402,P014,2603.6595243550573,139352.34769752523,75.36712308064973
202403,P014,2545.274171457221,136227.46292616584,75.36712308064973
202404,P014,688.5143560358774,36850.475663025,75.36712308064973
202305,P040,428.61344538988095,19334.38907129579,97.33555138837251
202306,P040,0.0,0.0,97.33555138837251
202307,P040,568.915155717572,25663.280252897206,97.33555138837251
202308,P040,72.22761027271561,3258.1262527411454,97.33555138837251
202309,P040,701.8551856291615,31660.092273393504,97.33555138837251
202310,P040,1100.7456614759642,49653.703392711126,97.33555138837251
202311,P040,2065.259596400458,93162.10912075249,97.33555138837251
202312,P040,2902.0146121805114,130907.41834159043,97.33555138837251
202401,P040,3680.139683585426,166007.98048794916,97.33555138837251
202402,P040,3511.970716072409,158422.02096524413,97.33555138837251
202403,P040,3522.735787723597,158907.62421899906,97.33555138837251
202404,P040,2846.5282177204554,128404.47413815263,97.33555138837251
202405,P040,1625.3070610159257,73316.22331497696,97.33555138837251
202406,P040,1338.4962222374243,60378.42958392861,97.33555138837251
202407,P040,1005.9152020112116,45375.98177939714,97.33555138837251
202408,P040,73.54142326007351,3317.3912425302383,97.33555138837251
202409,P040,306.330979053971,13818.330706431605,97.33555138837251
202410,P040,382.518763499348,17255.097058002786,97.33555138837251
202306,P054,385.0755430633319,21342.334629247885,85.45256343072127
202307,P054,67.74063995177127,3754.4409970807337,85.45256343072127
202308,P054,56.55940002557467,3134.734634592925,85.45256343072127
202309,P054,165.2477419761573,9158.65125561279,85.45256343072127
202310,P054,147.43920016609965,8171.634901508233,85.45256343072127
202311,P054,344.8404721486693,19112.355699760225,85.45256343072127
202312,P054,409.70207849719174,22707.22982827128,85.45256343072127
202401,P054,516.5140162762013,28627.1490740986,85.45256343072127
202402,P054,653.1689196647799,36201.07769507808,85.45256343072127
202403,P054,595.4622876933088,33002.75915200863,85.45256343072127
202404,P054,570.7998446253325,31635.873816875945,85.45256343072127
202405,P054,730.4016110078081,40481.60387403936,85.45256343072127
202406,P054,785.0517144254321,43510.518110927434,85.45256343072127
202407,P054,867.8099810081261,48097.29244796673,85.45256343072127
202408,P054,573.4185787582286,31781.013909972196,85.45256343072127
202409,P054,770.0183750006336,42677.31390884612,85.45256343072127
202410,P054,539.2219132479257,29885.70611472925,85.45256343072127
202411,P054,305.54340999893554,16934.364743299942,85.45256343072127
202412,P054,530.2946312351835,29390.922575556848,85.45256343072127
202501,P054,401.9000141475094,22274.81008323839,85.45256343072127
202502,P054,263.237492475427,14589.611707567463,85.45256343072127
202503,P054,9.917460879696565,549.6629754337528,85.45256343072127
202504,P054,121.6663772626377,6743.208140436148,85.45256343072127
202505,P054,479.56008227123397,26579.023090487524,85.45256343072127
202306,P017,310.30022775736353,11788.195841807657,68.2272724955296
202307,P017,0.0,0.0,68.2272724955296
202308,P017,688.0219351270835,26137.709834617024,68.2272724955296
202309,P017,1557.0814017895702,59152.971425739706,68.2272724955296
202310,P017,4191.771806750779,159243.92753196586,68.2272724955296
202311,P017,8329.67655490117,316441.46457046416,68.2272724955296
202312,P017,12289.5919884876,466877.2505364826,68.2272724955296
202401,P017,14878.756751329856,565238.703609466,68.2272724955296
202402,P017,16867.338758649035,640784.2303375468,68.2272724955296
202403,P017,10897.772846321117,414002.5338699368,68.2272724955296
202404,P017,8749.586171768664,332393.6823154122,68.2272724955296
202405,P017,3226.7123713590227,122581.66110179762,68.2272724955296
202406,P017,2327.0271546338045,88402.93810379507,68.2272724955296
202407,P017,401.5917487482605,15256.328417522953,68.2272724955296
202408,P017,925.9239829399799,35175.52444098726,68.2272724955296
202306,P048,896.5061378151601,33107.864338115716,74.62169191754701
202307,P048,522.4558945423968,19294.233636050027,74.62169191754701
202308,P048,1639.836660863827,60558.97156137706,74.62169191754701
202309,P048,2696.8197690688085,99593.23120338465,74.62169191754701
202310,P048,4298.80292618551,158754.2774032729,74.62169191754701
202311,P048,5814.174773295335,214716.77829387586,74.62169191754701
202312,P048,6478.930859418503,239266.14096855765,74.62169191754701
202401,P048,5871.926954350177,216849.55942603163,74.62169191754701
202402,P048,3849.500429913321,142161.59000727948,74.62169191754701
202403,P048,2139.9276692156395,79027.27262797496,74.62169191754701
202404,P048,2468.270267776549,91152.92548303695,74.62169191754701
202405,P048,1303.0957089302053,48123.16852172745,74.62169191754701
202307,P029,1472.9975334728447,65573.80353834263,72.24943687202847
202308,P029,1318.7467143115703,58706.98083059348,72.24943687202847
202309,P029,705.650350129893,31413.61500931077,72.24943687202847
202310,P029,3507.8180583348017,156158.42320060296,72.24943687202847
202311,P029,3096.329946714299,137840.10292062952,72.24943687202847
202312,P029,4374.468454026754,194739.31793539965,72.24943687202847
202401,P029,5437.852248307634,242078.24310496938,72.24943687202847
202402,P029,6599.5645564666,293794.48358209233,72.24943687202847
202403,P029,5715.407761060766,254434.2520260076,72.24943687202847
202404,P029,6013.015896622517,267682.9486254704,72.24943687202847
202405,P029,5199.981827562074,231488.9054563332,72.24943687202847
202406,P029,3750.948228990694,166981.91046554424,72.24943687202847
202407,P029,2554.6988232657254,113728.17328587205,72.24943687202847
202408,P029,1230.8848755474257,54795.61314482826,72.24943687202847
202409,P029,2198.6267810300806,97876.8241746435,72.24943687202847
202308,P010,226.59042732253812,9904.149806683707,92.26747658902035
202309,P010,295.1415947313518,12900.485704287676,92.26747658902035
202310,P010,536.5300762014851,23451.450766395115,92.26747658902035
202311,P010,1336.6516353700436,58424.34825020034,92.26747658902035
202312,P010,1694.2823619462035,74056.20142836466,92.26747658902035
202401,P010,1697.2604348428558,74186.37144680804,92.26747658902035
202402,P010,1259.4183778827344,55048.52270782801,92.26747658902035
202403,P010,711.1562097119429,31084.268299271953,92.26747658902035
202404,P010,481.3361895895536,21038.954669904855,92.26747658902035
202309,P024,0.0,0.0,84.36551614268691
202310,P024,267.39211796543907,10632.795362515066,84.36551614268691
202311,P024,716.8767224313356,28506.46289711544,84.36551614268691
202312,P024,669.556288896739,26624.775096939175,84.36551614268691
202401,P024,3.2568138956211796,129.50656866561553,84.36551614268691
202402,P024,174.42870762884527,6936.123501610474,84.36551614268691
202403,P024,1042.9572193165993,41472.99018845608,84.36551614268691
202404,P024,0.0,0.0,84.36551614268691
202405,P024,180.7032805313794,7185.630667967751,84.36551614268691
202406,P024,1044.4523145622622,41532.44235898212,84.36551614268691
202407,P024,1627.9360631216541,64734.55969509259,84.36551614268691
202408,P024,1616.8629614864449,64294.23997059447,84.36551614268691
202409,P024,2036.6273760156218,80986.089955236,84.36551614268691
202410,P024,2218.038409509985,88199.86428158786,84.36551614268691
202411,P024,3468.218427528014,137913.02860010092,84.36551614268691
202412,P024,3795.733626103781,150936.60652403854,84.36551614268691
202501,P024,4130.932859099352,164265.7385763699,84.36551614268691
202502,P024,3898.053391390143,155005.33201268993,84.36551614268691
202503,P024,4109.62580361249,163418.467675143,84.36551614268691
202504,P024,3277.0941293713004,130313.00820096815,84.36551614268691
202505,P024,3729.9704652117603,148321.5472714416,84.36551614268691
202506,P024,4139.987411978386,164625.79110370093,84.36551614268691
202507,P024,2961.8059668083497,117775.63597674822,84.36551614268691
202508,P024,2378.0728084776324,94563.60090977832,84.36551614268691
202509,P024,2043.4835777197316,81258.72547732477,84.36551614268691
202510,P024,1743.1429383536456,69315.73859452036,84.36551614268691
202511,P024,1115.330865126105,44350.91408309789,84.36551614268691
202512,P024,2637.6941566379733,104887.39312823849,84.36551614268691
202601,P024,712.4873495057035,28331.920339753888,84.36551614268691
202602,P024,0.0,0.0,84.36551614268691
202603,P024,0.0,0.0,84.36551614268691
202604,P024,487.5423666808793,19387.02701829119,84.36551614268691
202605,P024,65.78069151084803,2615.7563542317357,84.36551614268691
202606,P024,0.0,0.0,84.36551614268691
202607,P024,0.0,0.0,84.36551614268691
202608,P024,313.35051695467723,12460.322124932758,84.36551614268691
202309,P007,1018.31898299406,59110.9397663539,90.31901196696413
202310,P007,561.6214567657594,32600.75934631416,90.31901196696413
202311,P007,872.7611546324226,50661.661918750215,90.31901196696413
202312,P007,1888.2628170011856,109609.06307631299,90.31901196696413
202401,P007,1843.4752218385502,107009.2521289079,90.31901196696413
202402,P007,2505.3311275473193,145428.37740272682,90.31901196696413
202403,P007,2797.514866542545,162388.93267556865,90.31901196696413
202404,P007,4423.134172181974,256752.1788326275,90.31901196696413
202405,P007,3876.865376832004,225042.60413410782,90.31901196696413
202406,P007,2680.1803020191255,155577.9466369281,90.31901196696413
202407,P007,3202.517380634325,185898.34339608034,90.31901196696413
202408,P007,1235.2759979030102,71704.7667050055,90.31901196696413
202409,P007,1096.8786626880883,63671.138065716106,90.31901196696413
202410,P007,2030.5851467906684,117870.528102584,90.31901196696413
202411,P007,1405.5433918843664,81588.37472752699,90.31901196696413
202309,P066,1761.9690256872116,64091.82339540959,79.506458622574
202310,P066,0.0,0.0,79.506458622574
202311,P066,754.4091604941638,27441.718882324214,79.506458622574
202312,P066,2489.70787427136,90563.40665337429,79.506458622574
202401,P066,1392.5609876752658,50654.56406341189,79.506458622574
202402,P066,3464.9166394422386,126036.73622942045,79.506458622574
202403,P066,5427.487523937248,197425.4750189504,79.506458622574
202404,P066,7778.182749098215,282932.28077490744,79.506458622574
202405,P066,8221.405955788772,299054.57524990756,79.506458622574
202406,P066,11201.55472611121,407457.8251907269,79.506458622574
202407,P066,6789.700004205934,246976.10867912596,79.506458622574
202408,P066,8723.489820739289,317317.9328532244,79.506458622574
202409,P066,6151.407087998841,223758.13136869605,79.506458622574
202410,P066,2761.808010062427,100461.07999197695,79.506458622574
202411,P066,1734.9459551582972,63108.856136228984,79.506458622574
202412,P066,2217.8491265128127,80674.51383186612,79.506458622574
202501,P066,1712.9572272081762,62309.01366004288,79.506458622574
202502,P066,1810.4601776938443,65855.69455621896,79.506458622574
202309,P038,88.17682255950159,4079.2087028268643,96.15845073471417
202310,P038,80.69814847694273,3733.232611631316,96.15845073471417
202311,P038,52.722111077564016,2439.0138825186013,96.15845073471417
202312,P038,779.675452795819,36069.10296953614,96.15845073471417
202401,P038,1907.2015257977982,88230.36299396258,96.15845073471417
202402,P038,2284.0042023592064,105661.89106292365,96.15845073471417
202403,P038,3221.421367645317,149028.39200747758,96.15845073471417
202404,P038,2638.4184855846684,122057.69425217866,96.15845073471417
202405,P038,1606.7367267833838,74330.3540408655,96.15845073471417
202406,P038,586.2261709448074,27119.812541773725,96.15845073471417
202407,P038,470.5415670054155,21768.04742397071,96.15845073471417
202408,P038,175.1833938318635,8104.2796050795105,96.15845073471417
202310,P055,1062.3960473272202,45838.295061935765,82.62630903662631
202311,P055,483.9352459024725,20879.94081713261,82.62630903662631
202312,P055,1532.2136006115659,66109.11185093266,82.62630903662631
202401,P055,3226.3481787011738,139204.4898509425,82.62630903662631
202402,P055,4659.750728448004,201050.2856660968,82.62630903662631
202403,P055,7023.995034159423,303058.315869472,82.62630903662631
202404,P055,7277.227367465317,313984.3151166462,82.62630903662631
202405,P055,6394.030267383368,275877.76401147887,82.62630903662631
202406,P055,4513.403300046436,194735.95814059122,82.62630903662631
202407,P055,3227.440136136761,139251.60360598087,82.62630903662631
202408,P055,1176.3088502283651,50753.19349727092,82.62630903662631
202409,P055,2212.906298672837,95478.37844293032,82.62630903662631
202310,P031,88.21381745910196,5803.969868602413,96.67539919790244
202311,P031,701.4046265706448,46148.45423962897,96.67539919790244
202312,P031,22.379301712270767,1472.4313782089919,96.67539919790244
202401,P031,0.0,0.0,96.67539919790244
202402,P031,0.0,0.0,96.67539919790244
202403,P031,356.6000002978563,23462.261542325046,96.67539919790244
202404,P031,119.86225932724415,7886.258202582221,96.67539919790244
202405,P031,11.70603794273326,770.1910364761136,96.67539919790244
202406,P031,238.5909539959137,15697.934266991704,96.67539919790244
202407,P031,628.7605348226753,41368.884192876605,96.67539919790244
202408,P031,560.3154651021347,36865.5860276364,96.67539919790244
202409,P031,1031.640183330188,67876.08462884944,96.67539919790244
202410,P031,1451.0733931464058,95472.41570014854,96.67539919790244
202411,P031,1164.2754224667988,76602.73260347843,96.67539919790244
202412,P031,1772.6700507330904,116631.65542290213,96.67539919790244
202501,P031,2276.3708030863686,149772.3138101914,96.67539919790244
202502,P031,2431.7767152366987,159997.14317937006,96.67539919790244
202503,P031,2079.7888332671396,136838.33291688873,96.67539919790244
202504,P031,2395.2874304119046,157596.35477965995,96.67539919790244
202505,P031,2649.362387221408,174313.04878706415,96.67539919790244
202506,P031,2126.7301200090687,139926.80388086097,96.67539919790244
202507,P031,1981.821886449879,130392.66234254849,96.67539919790244
202508,P031,1871.1095693105758,123108.41854414828,96.67539919790244
202509,P031,1362.0767387496667,89616.93959217289,96.67539919790244
202510,P031,1298.753289710376,85450.6150776441,96.67539919790244
202511,P031,556.6251054635659,36622.78125210913,96.67539919790244
202512,P031,674.1328585065953,44354.126268496315,96.67539919790244
202601,P031,1009.8297295621809,66441.08022550018,96.67539919790244
202602,P031,286.4293113205149,18845.427397579177,96.67539919790244
202603,P031,672.626284198694,44255.002206759345,96.67539919790244
202604,P031,70.47979696179627,4637.171700466683,96.67539919790244
202605,P031,0.0,0.0,96.67539919790244
202606,P031,14.125009879555327,929.3456977152013,96.67539919790244
202607,P031,139.71351360614844,9192.358369283907,96.67539919790244
202608,P031,131.1553660653915,8629.280703127628,96.67539919790244
202609,P031,132.44264394958057,8713.97630147667,96.67539919790244
202310,P005,1084.0075199910525,58138.38561754573,78.85508519654874
202311,P005,0.0,0.0,78.85508519654874
202312,P005,123.38624511096329,6617.552891350248,78.85508519654874
202401,P005,1244.6156011529567,66752.25072796669,78.85508519654874
202402,P005,2239.136962125676,120091.24083902754,78.85508519654874
202403,P005,3592.901946138869,192697.48131671286,78.85508519654874
202404,P005,7788.048410767465,417695.0375003399,78.85508519654874
202405,P005,7316.949878892646,392428.69238289644,78.85508519654874
202406,P005,11008.394399502833,590411.2903512046,78.85508519654874
202407,P005,12147.323336013573,651495.2666896613,78.85508519654874
202408,P005,14194.85645227204,761310.2519941106,78.85508519654874
202409,P005,8316.161829392862,446019.2520612289,78.85508519654874
202410,P005,7187.003947775407,385459.3249999216,78.85508519654874
202411,P005,2945.165829996384,157957.56355395232,78.85508519654874
202412,P005,2462.3429506465245,132062.40856014972,78.85508519654874
202501,P005,1889.8339130265717,101357.13153499259,78.85508519654874
202502,P005,239.93797574722922,12868.551463924245,78.85508519654874
202503,P005,922.7226506168677,49488.22244337398,78.85508519654874
202311,P022,63.45351711954021,1992.2664769561627,68.42486015388437
202312,P022,372.3686774857427,11691.355608007656,68.42486015388437
202401,P022,85.9015695064834,2697.0737795869986,68.42486015388437
202402,P022,199.05389900914756,6249.746713901551,68.42486015388437
202403,P022,297.35371414506835,9336.091415919262,68.42486015388437
202404,P022,567.8030905270874,17827.460385499566,68.42486015388437
202405,P022,599.8961553276946,18835.094635695325,68.42486015388437
202406,P022,733.8809582172944,23041.85012122109,68.42486015388437
202407,P022,930.8479077000268,29226.07234145677,68.42486015388437
202408,P022,789.5105358661458,24788.466348470487,68.42486015388437
202409,P022,649.3861553712911,20388.94495806073,68.42486015388437
202410,P022,640.3333620335743,20104.712065886004,68.42486015388437
202411,P022,650.6596291292782,20428.92854277742,68.42486015388437
202412,P022,571.5023992103957,17943.608536338605,68.42486015388437
202501,P022,244.82482972293354,7686.828455302425,68.42486015388437
202502,P022,193.57075983898812,6077.591176224823,68.42486015388437
202503,P022,287.8075512756112,9036.36807304208,68.42486015388437
202504,P022,253.09809012237704,7946.586150339073,68.42486015388437
202311,P003,92.07584452889255,3347.057500666113,79.95910791400894
202312,P003,721.4838955912028,26226.727506046227,79.95910791400894
202401,P003,2865.8005240959387,104174.97866748655,79.95910791400894
202402,P003,2268.017425625904,82444.9102250763,79.95910791400894
202403,P003,5907.466725791756,214742.8667710163,79.95910791400894
202404,P003,5064.709455630573,184107.71966195275,79.95910791400894
202405,P003,7673.795258253255,278950.8378568606,79.95910791400894
202406,P003,11491.503302314135,417728.69441203645,79.95910791400894
202407,P003,10014.298945973773,364030.7028681827,79.95910791400894
202408,P003,8342.525848877263,303259.92511775036,79.95910791400894
202409,P003,6112.511822729614,222196.47996557478,79.95910791400894
202410,P003,3757.553899691084,136591.18771559873,79.95910791400894
202411,P003,2825.12090596628,102696.23012402485,79.95910791400894
202412,P003,1344.5822750215214,48877.034057084406,79.95910791400894
202501,P003,2179.5948580344993,79230.65333067336,79.95910791400894
202311,P015,492.54972161143445,26741.95363251305,84.85452300442527
202312,P015,484.63369555914693,26312.169607965294,84.85452300442527
202401,P015,29.190660791334807,1584.845677773235,84.85452300442527
202402,P015,44.587241867337454,2420.770741108267,84.85452300442527
202403,P015,169.51675711935522,9203.556635843475,84.85452300442527
202404,P015,1009.6821361865552,54818.57299835852,84.85452300442527
202405,P015,362.2704097894982,19668.711758332585,84.85452300442527
202406,P015,0.0,0.0,84.85452300442527
202407,P015,549.2224756129212,29818.88189627556,84.85452300442527
202408,P015,992.4434845734033,53882.6365803706,84.85452300442527
202409,P015,890.6234577111944,48354.53186781032,84.85452300442527
202410,P015,1328.533935304103,72129.96239423241,84.85452300442527
202411,P015,3342.288426694265,181462.53710331628,84.85452300442527
202412,P015,3204.0549187873225,173957.43884275263,84.85452300442527
202501,P015,3415.8409725809875,185455.91824912414,84.85452300442527
202502,P015,3764.162837181002,204367.3230142098,84.85452300442527
202503,P015,4023.172579954679,218429.71352569392,84.85452300442527
202504,P015,4392.4667563241455,238479.76595272613,84.85452300442527
202505,P015,4776.618428044225,259336.4749147808,84.85452300442527
202506,P015,4868.674108194703,264334.4449108649,84.85452300442527
202507,P015,4595.1504320848235,249484.05084304477,84.85452300442527
202508,P015,4700.186053795731,255186.73953072843,84.85452300442527
202509,P015,3400.0755303945543,184599.96664576855,84.85452300442527
202510,P015,2939.8361781670283,159612.23672307108,84.85452300442527
202511,P015,1859.5766947498173,100961.81474716529,84.85452300442527
202512,P015,1352.981338920468,73457.28287632564,84.85452300442527
202601,P015,1686.550024920388,91567.69476547342,84.85452300442527
202602,P015,1259.811331414311,68398.81281462475,84.85452300442527
202603,P015,425.50691689183793,23102.00522417868,84.85452300442527
202604,P015,963.5413374082983,52313.455144553984,84.85452300442527
202605,P015,886.9724711848003,48156.30921511581,84.85452300442527
202606,P015,0.0,0.0,84.85452300442527
202607,P015,0.0,0.0,84.85452300442527
202608,P015,54.45690022053786,2956.6231321857395,84.85452300442527
202609,P015,482.334374853719,26187.332814860096,84.85452300442527
202610,P015,74.97195991636521,4070.445252233236,84.85452300442527
202312,P063,429.7118652548854,21127.732577398187,85.75830401241303
202401,P063,0.0,0.0,85.75830401241303
202402,P063,0.0,0.0,85.75830401241303
202403,P063,37.76401705246804,1856.7512741580706,85.75830401241303
202404,P063,309.79249469557925,15231.631964667587,85.75830401241303
202405,P063,650.3522041556296,31976.001971394002,85.75830401241303
202406,P063,698.2455639797918,34330.78474658641,85.75830401241303
202407,P063,1352.9108453424733,66518.84868132,85.75830401241303
202408,P063,1027.6885287320529,50528.575456094535,85.75830401241303
202409,P063,2742.917332724317,134861.58650363408,85.75830401241303
202410,P063,3397.45914012988,167043.57956865893,85.75830401241303
202411,P063,3634.4814135503907,178697.30294151747,85.75830401241303
202412,P063,5240.912825065751,257681.0499839619,85.75830401241303
202501,P063,3756.3785644219647,184690.64548986382,85.75830401241303
202502,P063,3102.2360938634165,152528.28670258235,85.75830401241303
202503,P063,2901.9277136532314,142679.68294670904,85.75830401241303
202504,P063,1344.8553350737104,66122.78173392036,85.75830401241303
202505,P063,970.0125867865769,47692.81043282536,85.75830401241303
202506,P063,714.982684379414,35153.70222341518,85.75830401241303
202507,P063,748.3222538655948,36792.91576463728,85.75830401241303
202508,P063,542.5350856892786,26674.93530228642,85.75830401241303
202509,P063,87.41023797327898,4297.717335151425,85.75830401241303
202510,P063,3.335660095034648,164.00509307600373,85.75830401241303
202511,P063,209.417446327808,10296.47110263326,85.75830401241303
202401,P064,2356.177393966276,109797.93502873396,70.80253443827877
202402,P064,160.46529989153447,7477.687638025605,70.80253443827877
202403,P064,3329.9481887447546,155175.68236293842,70.80253443827877
202404,P064,5392.077006035565,251270.9451736201,70.80253443827877
202405,P064,7199.751024921563,335508.6069842469,70.80253443827877
202406,P064,9682.019974691939,451182.41217763984,70.80253443827877
202407,P064,7933.112884575508,369683.2909554267,70.80253443827877
202408,P064,10005.817954395128,466271.407441294,70.80253443827877
202409,P064,6203.893126019677,289101.5999560461,70.80253443827877
202410,P064,5732.581657917068,267138.4718462752,70.80253443827877
202411,P064,3799.657966584076,177064.1716598954,70.80253443827877
202412,P064,3060.4861584342557,142618.74391997227,70.80253443827877
202401,P049,0.0,0.0,83.48043506273484
202402,P049,683.615026764804,33816.33193435672,83.48043506273484
202403,P049,725.0162976613,35864.32541654477,83.48043506273484
202404,P049,757.0837844176209,37450.60531677497,83.48043506273484
202405,P049,1397.9059216935186,69150.10467909847,83.48043506273484
202406,P049,2317.9605035156173,114662.37389275659,83.48043506273484
202407,P049,3215.696616864424,159070.61714354044,83.48043506273484
202408,P049,3454.7107042685243,170893.90861636697,83.48043506273484
202409,P049,4753.380011357086,235135.083315672,83.48043506273484
202410,P049,5143.605419138973,254438.33354002974,83.48043506273484
202411,P049,5313.941815462551,262864.35095196415,83.48043506273484
202412,P049,3541.35901330844,175180.13385326866,83.48043506273484
202501,P049,2576.081110286602,127430.80608912528,83.48043506273484
202502,P049,1665.4256192254093,82383.4809750083,83.48043506273484
202503,P049,1737.8083159822122,85964.03026664064,83.48043506273484
202504,P049,1171.8739218607382,57968.99713337227,83.48043506273484
202505,P049,84.85887439097027,4197.707410794259,83.48043506273484
202506,P049,1350.4997728009644,66805.0683590708,83.48043506273484
202401,P057,41.85244294522071,2098.834782393738,96.42103351851092
202402,P057,71.72114714799316,3596.7037447351013,96.42103351851092
202403,P057,921.2622282373651,46199.86486478068,96.42103351851092
202404,P057,736.8588712341476,36952.32392254473,96.42103351851092
202405,P057,378.4279796494263,18977.57336074225,96.42103351851092
202406,P057,265.02290915852234,13290.485829014235,96.42103351851092
202407,P057,312.7974228608643,15686.303229725172,96.42103351851092
202408,P057,459.13926582479274,23025.118565649776,96.42103351851092
202409,P057,1472.671882528707,73852.19959919869,96.42103351851092
202410,P057,1427.9322475426707,71608.57663594188,96.42103351851092
202411,P057,617.9279820039741,30988.125193595508,96.42103351851092
202412,P057,2284.8469027241517,114581.51100423803,96.42103351851092
202501,P057,792.0664775004686,39720.89933010489,96.42103351851092
202502,P057,2969.331735243566,148907.35851553016,96.42103351851092
202503,P057,1925.6208202768532,96566.88286006352,96.42103351851092
202504,P057,2468.423454525486,123787.58895425992,96.42103351851092
202505,P057,3014.481515786787,151171.549639226,96.42103351851092
202506,P057,3384.121224263883,169708.40489809454,96.42103351851092
202507,P057,2549.4739433036616,127852.1446410164,96.42103351851092
202508,P057,3047.1751657811615,152811.0852300495,96.42103351851092
202509,P057,2949.77862006221,147926.8002647132,96.42103351851092
202510,P057,2503.378885733455,125540.54934772805,96.42103351851092
202511,P057,3249.916651448443,162978.25474294083,96.42103351851092
202512,P057,847.0655352194129,42479.01635305834,96.42103351851092
202601,P057,2292.4330194860636,114961.94293610974,96.42103351851092
202602,P057,1315.8564050987452,65988.14781903209,96.42103351851092
202603,P057,1415.6646498523419,70993.37573207647,96.42103351851092
202604,P057,1225.3526580159694,61449.52596216896,96.42103351851092
202605,P057,697.7292910095023,34990.03646172805,96.42103351851092
202606,P057,843.909002345711,42320.72114922122,96.42103351851092
202607,P057,1080.39219913517,54179.98488498503,96.42103351851092
202608,P057,675.6816222882073,33884.38023889979,96.42103351851092
202609,P057,97.2397736455131,4876.423090198672,96.42103351851092
202610,P057,0.0,0.0,96.42103351851092
202611,P057,419.30605792442026,21027.545273571024,96.42103351851092
202612,P057,738.6321309171655,37041.250131841654,96.42103351851092
202402,P028,1236.1558053799272,81831.68735345696,90.31604039912683
202403,P028,0.0,0.0,90.31604039912683
202404,P028,2064.1610210854856,136644.40889208543,90.31604039912683
202405,P028,3638.088220564354,240836.06332942526,90.31604039912683
202406,P028,5959.54325688997,394512.9557655853,90.31604039912683
202407,P028,17231.6190506243,1140707.7138720187,90.31604039912683
202408,P028,16868.20659414535,1116650.3463545016,90.31604039912683
202409,P028,12775.086207150349,845691.826117086,90.31604039912683
202410,P028,8494.359323760134,562314.0330892375,90.31604039912683
202411,P028,3547.240361156253,234822.0693041902,90.31604039912683
202412,P028,1675.4431777770124,110911.86216626833,90.31604039912683
202501,P028,1759.7956684384833,116495.87238023433,90.31604039912683
202404,P047,912.534152338047,50063.702139898014,94.1370361412555
202405,P047,192.41589098617607,10556.374058585869,94.1370361412555
202406,P047,832.7592355440445,45687.06849569159,94.1370361412555
202407,P047,507.8731592467482,27863.078334364807,94.1370361412555
202408,P047,1402.266657521267,76931.5428721057,94.1370361412555
202409,P047,1426.9055158855674,78283.28676361598,94.1370361412555
202410,P047,2104.457028351549,115455.30604379783,94.1370361412555
202411,P047,2975.1188369654033,163221.79603143127,94.1370361412555
202412,P047,1730.703011076751,94950.30933053058,94.1370361412555
202501,P047,3564.734920485823,195569.47738300494,94.1370361412555
202502,P047,2267.606245173907,124406.04369501334,94.1370361412555
202503,P047,1859.5261829903404,102017.84197122637,94.1370361412555
202504,P047,2744.0424754482365,150544.4204998673,94.1370361412555
202505,P047,1612.9784006700772,88491.66905407116,94.1370361412555
202506,P047,650.6824189171521,35697.919606486204,94.1370361412555
202507,P047,1058.8923938774517,58093.24864111613,94.1370361412555
202508,P047,462.152671390255,25354.748229816167,94.1370361412555
202509,P047,1141.5284629755877,62626.85161777331,94.1370361412555
202404,P016,164.59288779039994,7233.101417291672,68.29318743955845
202405,P016,38.44920212271251,1689.665830042911,68.29318743955845
202406,P016,276.64668285183745,12157.351029485835,68.29318743955845
202407,P016,655.9815878479437,28827.37775901,68.29318743955845
202408,P016,1193.3544527231595,52442.44693194248,68.29318743955845
202409,P016,2122.9914699248734,93295.72386849741,68.29318743955845
202410,P016,2555.778448438604,112314.723715316,68.29318743955845
202411,P016,2335.6898035719014,102642.83867528696,68.29318743955845
202412,P016,1672.1617719448727,73483.82937419282,68.29318743955845
202501,P016,580.5190079639184,25511.143984639915,68.29318743955845
202502,P016,152.70487835633082,6710.678006166873,68.29318743955845
202503,P016,177.0890988403797,7782.252495869785,68.29318743955845
202405,P037,881.5056972301701,38663.020364458556,67.02816380849977
202406,P037,1225.77649957313,53762.808242969375,67.02816380849977
202407,P037,313.8530685713558,13765.659847407309,67.02816380849977
202408,P037,1747.664391728778,76652.91804688769,67.02816380849977
202409,P037,3723.158097828258,163298.4764690027,67.02816380849977
202410,P037,5449.025563920252,238995.37689464804,67.02816380849977
202411,P037,5459.942833912882,239474.21059178194,67.02816380849977
202412,P037,9447.564817018058,414372.1272167062,67.02816380849977
202501,P037,8534.111861845275,374307.89357784117,67.02816380849977
202502,P037,7278.363013079162,319230.4919625769,67.02816380849977
202503,P037,5282.421556035906,231688.0909974918,67.02816380849977
202504,P037,2789.7871626151427,122360.6361474605,67.02816380849977
202505,P037,2422.397091505666,106246.83240729402,67.02816380849977
202506,P037,1663.004506667366,72939.71815440031,67.02816380849977
202507,P037,0.0,0.0,67.02816380849977
202405,P004,0.0,0.0,76.95014562481867
202406,P004,301.2285470453022,12813.066176172859,76.95014562481867
202407,P004,177.92514864028664,7568.229260789575,76.95014562481867
202408,P004,67.8903903264675,2887.787603504958,76.95014562481867
202409,P004,146.83594537338368,6245.818012816425,76.95014562481867
202410,P004,165.47206171485826,7038.5243957020375,76.95014562481867
202411,P004,729.9897566718981,31050.865370866333,76.95014562481867
202412,P004,425.90567212348503,18116.33596899727,76.95014562481867
202501,P004,647.9063933629582,27559.365058705964,76.95014562481867
202502,P004,914.460589772647,38897.522054896224,76.95014562481867
202503,P004,968.2424897198899,41185.190504197264,76.95014562481867
202504,P004,1189.655723525387,50603.23021144855,76.95014562481867
202505,P004,1159.710207957906,49329.4668964861,76.95014562481867
202506,P004,1469.6635187862119,62513.64987689162,76.95014562481867
202507,P004,904.5017065803947,38473.91071183214,76.95014562481867
202508,P004,1018.6187251947217,43327.995511149056,76.95014562481867
202509,P004,580.3303658085858,24684.949199153198,76.95014562481867
202510,P004,682.0496467924492,29011.6834725916,76.95014562481867
202511,P004,69.10020651891907,2939.2483800048567,76.95014562481867
202512,P004,444.7243806365544,18916.80909776684,76.95014562481867
202601,P004,349.42224901191184,14863.034874790437,76.95014562481867
202602,P004,0.0,0.0,76.95014562481867
202603,P004,450.4964511978779,19162.33005785252,76.95014562481867
202604,P004,0.0,0.0,76.95014562481867
202406,P025,252.7160469810287,8812.828761079274,66.95281627465945
202407,P025,81.11920770354489,2828.825851250476,66.95281627465945
202408,P025,495.3578782755478,17274.34489754293,66.95281627465945
202409,P025,1613.1810939566608,56255.58373314468,66.95281627465945
202410,P025,2271.721439224106,79220.50172879412,66.95281627465945
202411,P025,4368.448901333192,152338.53401428193,66.95281627465945
202412,P025,5380.966388879048,187647.50367385286,66.95281627465945
202501,P025,4001.528767452064,139543.12846914292,66.95281627465945
202502,P025,2302.5830486630834,80296.72178892126,66.95281627465945
202503,P025,1133.1539363558381,39515.85868940324,66.95281627465945
202504,P025,363.4274935189108,12673.6086042484,66.95281627465945
202505,P025,624.7481990797335,21786.50292711991,66.95281627465945
202406,P020,1790.3554981897437,96298.78533321859,72.66542194587373
202407,P020,0.0,0.0,72.66542194587373
202408,P020,161.510248645269,8687.23601493203,72.66542194587373
202409,P020,9.15736260515249,492.55184047172094,72.66542194587373
202410,P020,476.6695431454648,25638.87342857965,72.66542194587373
202411,P020,615.9142102621737,33128.4989923437,72.66542194587373
202412,P020,797.7906183999378,42911.18025433025,72.66542194587373
202501,P020,131.70845941334073,7084.27162786306,72.66542194587373
202502,P020,1265.1505477773858,68049.31262970125,72.66542194587373
202503,P020,1240.081770426954,66700.92522224144,72.66542194587373
202504,P020,1571.9887436034921,84553.37876727387,72.66542194587373
202505,P020,1059.2381521440054,56973.79516705363,72.66542194587373
202506,P020,1418.4192546398758,76293.25653658152,72.66542194587373
202507,P020,2096.3144753679203,112755.56047862594,72.66542194587373
202508,P020,1500.9289118475558,80731.24651979643,72.66542194587373
202509,P020,2421.3695652609676,130239.46820238863,72.66542194587373
202510,P020,3001.961117556596,161468.04896041608,72.66542194587373
202511,P020,2220.1314192036384,119415.36704056682,72.66542194587373
202512,P020,1954.4114192694096,105122.94675963263,72.66542194587373
202601,P020,1841.5196027341456,99050.77572019454,72.66542194587373
202602,P020,1970.8413989267235,106006.67464811543,72.66542194587373
202603,P020,2837.0626663917797,152598.56992870593,72.66542194587373
202604,P020,2279.9941867311695,122635.23695210945,72.66542194587373
202605,P020,1637.9631527831327,88101.97873722398,72.66542194587373
202606,P020,1589.102584141125,85473.88983774383,72.66542194587373
202607,P020,1472.8134545285857,79218.98574720554,72.66542194587373
202608,P020,1210.2368055101037,65095.638522079826,72.66542194587373
202609,P020,890.809720472009,47914.44723196923,72.66542194587373
202610,P020,976.4493751887999,52520.79202434252,72.66542194587373
202611,P020,737.407657388937,39663.330424471365,72.66542194587373
202612,P020,349.27170071568463,18786.459205557887,72.66542194587373
202701,P020,1153.5809980589327,62048.263045456886,72.66542194587373
202702,P020,1004.1672755445819,54011.66919312149,72.66542194587373
202703,P020,324.00016924421357,17427.166156398915,72.66542194587373
202704,P020,24.174402726903637,1300.2812129271028,72.66542194587373
202705,P020,874.0323386801658,47012.03344361281,72.66542194587373
202407,P009,218.42224769123598,8658.380724509525,71.11332286011029
202408,P009,0.0,0.0,71.11332286011029
202409,P009,0.0,0.0,71.11332286011029
202410,P009,101.91000415560424,4039.7698720823755,71.11332286011029
202411,P009,768.9451129369925,30481.41668000331,71.11332286011029
202412,P009,1082.2991120690879,42902.94541488122,71.11332286011029
202501,P009,1588.0173156911471,62949.89938847369,71.11332286011029
202502,P009,2083.88754744729,82606.47421946208,71.11332286011029
202503,P009,3234.0840582543406,128200.9107012613,71.11332286011029
202504,P009,4054.4664313197154,160721.3292976204,71.11332286011029
202505,P009,2941.972186001067,116621.43182100794,71.11332286011029
202506,P009,2498.9416993475375,99059.45419941739,71.11332286011029
202507,P009,1229.8792542255283,48753.1052391406,71.11332286011029
202508,P009,934.8203979176833,37056.80625377777,71.11332286011029
202509,P009,816.4400876133315,32364.14418416305,71.11332286011029
202510,P009,122.33275546598043,4849.33921841187,71.11332286011029
202511,P009,64.14991938517986,2542.938878042539,71.11332286011029
202512,P009,301.1479989176144,11937.676022539667,71.11332286011029
202408,P013,524.8648791868844,27825.213911323473,75.04103283220181
202409,P013,1218.1436879620637,64578.7326154931,75.04103283220181
202410,P013,230.46019708317914,12217.628833957362,75.04103283220181
202411,P013,1540.3950756332758,81662.58438523515,75.04103283220181
202412,P013,2112.1284634074555,111972.48784021132,75.04103283220181
202501,P013,2600.016361105427,137837.40213819814,75.04103283220181
202502,P013,3108.730725356798,164806.4118135764,75.04103283220181
202503,P013,3959.3473889383727,209901.04770798175,75.04103283220181
202504,P013,4719.577542270851,250203.92846290165,75.04103283220181
202505,P013,3779.8218465268833,200383.6712969618,75.04103283220181
202506,P013,2973.565830208691,157640.77305598953,75.04103283220181
202507,P013,2101.920791802815,111431.33780865335,75.04103283220181
202508,P013,863.574373821903,45781.57661674256,75.04103283220181
202509,P013,626.9373471599635,33236.489019323904,75.04103283220181
202510,P013,1809.7874704415515,95944.16676742189,75.04103283220181
202408,P032,33.14739542003921,2080.5173931364507,93.5544923180592
202409,P032,826.2481610750096,51859.99226727577,93.5544923180592
202410,P032,586.3278160933603,36801.238951174986,93.5544923180592
202411,P032,2314.995857436256,145302.18997306863,93.5544923180592
202412,P032,4815.709769960527,302261.09200250887,93.5544923180592
202501,P032,6599.973867236643,414251.56489763316,93.5544923180592
202502,P032,8555.900563838644,537016.5502128978,93.5544923180592
202503,P032,6655.693272513182,417748.8288709882,93.5544923180592
202504,P032,4186.057156969224,262740.54456998693,93.5544923180592
202505,P032,2360.0829419447778,148132.10955912102,93.5544923180592
202506,P032,1660.4999316732667,104222.3361857139,93.5544923180592
202507,P032,130.89853904650124,8215.93020421013,93.5544923180592
202408,P059,2159.4989320625027,98917.43168140847,78.20755965849578
202409,P059,148.09309777188432,6783.512908407645,78.20755965849578
202410,P059,1821.6507208603161,83442.0466955218,78.20755965849578
202411,P059,758.3733757875209,34737.84843079978,78.20755965849578
202412,P059,1780.3843171745505,81551.80882287532,78.20755965849578
202501,P059,2544.426589877618,116549.32523268029,78.20755965849578
202502,P059,1232.7188628307447,56465.59120081772,78.20755965849578
202503,P059,4244.930205756842,194442.1399733049,78.20755965849578
202504,P059,4093.669320375328,187513.52423117764,78.20755965849578
202505,P059,4673.6653769229815,214080.6687882921,78.20755965849578
202506,P059,5646.036746737323,258620.8522144091,78.20755965849578
202507,P059,6490.945526793019,297322.5182756001,78.20755965849578
202508,P059,6176.829858961136,282934.2198367838,78.20755965849578
202509,P059,5642.997847297227,258481.6531977811,78.20755965849578
202510,P059,5479.148797688056,250976.42736499995,78.20755965849578
202511,P059,5900.37700964356,270271.0944100978,78.20755965849578
202512,P059,4847.426560192274,222039.9271698209,78.20755965849578
202601,P059,4159.50348479741,190529.10639463083,78.20755965849578
202602,P059,1990.5282436063646,91177.60542664056,78.20755965849578
202603,P059,2425.3063140249133,111092.9336718488,78.20755965849578
202604,P059,1551.0822559559879,71048.459810644,78.20755965849578
202605,P059,1659.7016613408784,76023.85130165685,78.20755965849578
202606,P059,163.30679740377082,7480.387572995368,78.20755965849578
202607,P059,3136.8605223220206,143686.19581327718,78.20755965849578
202408,P050,317.92828817094176,16557.13489340525,70.78447139056246
202409,P050,1470.4031942584634,76575.96049440344,70.78447139056246
202410,P050,405.89526191867736,21138.29707587448,70.78447139056246
202411,P050,1884.0906617703345,98120.06165857059,70.78447139056246
202412,P050,2585.0418587437875,134624.34250992796,70.78447139056246
202501,P050,5212.244817344646,271444.35946456756,70.78447139056246
202502,P050,7217.367865639171,375867.570684571,70.78447139056246
202503,P050,7193.862155491642,374643.43546868017,70.78447139056246
202504,P050,7131.330171223601,371386.8819086473,70.78447139056246
202505,P050,6202.9120442396,323036.5314117087,70.78447139056246
202506,P050,4759.676356279281,247875.40590755927,70.78447139056246
202507,P050,2228.803725202524,116072.09959643715,70.78447139056246
202508,P050,2197.4804405087602,114440.83912269052,70.78447139056246
202509,P050,1889.9807313228148,98426.80591424223,70.78447139056246
202510,P050,714.820681632497,37226.57873092931,70.78447139056246
202408,P065,387.8056010560421,22018.340069808488,93.75135841840105
202409,P065,35.99975762507263,2043.949091145239,93.75135841840105
202410,P065,657.5489136859912,37333.487589260105,93.75135841840105
202411,P065,1957.3274008760038,111130.68048291086,93.75135841840105
202412,P065,3157.635471393706,179280.2668045772,93.75135841840105
202501,P065,4178.438446518972,237238.1379373675,93.75135841840105
202502,P065,4936.611306965912,280284.7257833428,93.75135841840105
202503,P065,4110.725825163592,233393.63564044095,93.75135841840105
202504,P065,3010.930618398049,170950.84264372592,93.75135841840105
202505,P065,1666.6415181652333,94626.48198348464,93.75135841840105
202506,P065,459.1178457440387,26067.217266027204,93.75135841840105
202507,P065,569.8090499589883,32351.903641119483,93.75135841840105
202409,P002,784.6314809208905,39146.24722019851,82.74837806063327
202410,P002,1046.5850662230512,52215.43964977123,82.74837806063327
202411,P002,0.0,0.0,82.74837806063327
202412,P002,1057.291742074288,52749.60911654708,82.74837806063327
202501,P002,960.0797313108529,47899.580155624324,82.74837806063327
202502,P002,2270.6182636570215,113283.9887936863,82.74837806063327
202503,P002,2479.481929912508,123704.45867460185,82.74837806063327
202504,P002,2723.0046515542117,135854.11223417253,82.74837806063327
202505,P002,3154.166661416271,157365.32487403293,82.74837806063327
202506,P002,2837.5004933049736,141566.4531685429,82.74837806063327
202507,P002,3210.49341240904,160175.53702214302,82.74837806063327
202508,P002,2805.803692009664,139985.06005627647,82.74837806063327
202509,P002,2458.10584782967,122637.9791690486,82.74837806063327
202510,P002,1443.012437556763,71993.6976733587,82.74837806063327
202511,P002,1873.4963880093774,93471.08108011089,82.74837806063327
202512,P002,873.1803598457321,43564.0616843785,82.74837806063327
202601,P002,450.5445771806066,22478.23319723527,82.74837806063327
202602,P002,1098.088595808663,54785.01524149345,82.74837806063327
202409,P026,82.01416103264802,5049.9119403148,85.82644054586179
202410,P026,125.08216794143304,7701.766688272972,85.82644054586179
202411,P026,76.06465396599351,4683.579024186745,85.82644054586179
202412,P026,251.02434748393014,15456.487437141577,85.82644054586179
202501,P026,264.35439030189747,16277.266940873424,85.82644054586179
202502,P026,305.58144779775375,18815.767698437627,85.82644054586179
202503,P026,523.7334737242593,32248.186035212202,85.82644054586179
202504,P026,706.9727492550518,43530.89860321889,85.82644054586179
202505,P026,869.8298796842722,53558.607930057464,85.82644054586179
202506,P026,834.5999222262003,51389.37056197077,85.82644054586179
202507,P026,987.3520981704748,60794.88087259856,85.82644054586179
202508,P026,860.1529438346004,52962.763587109606,85.82644054586179
202509,P026,481.81208028278223,29666.932473275785,85.82644054586179
202510,P026,373.55537130868936,23001.170848892016,85.82644054586179
202511,P026,234.20212518279098,14420.681666631583,85.82644054586179
202512,P026,187.27546270351434,11531.23537846085,85.82644054586179
202601,P026,90.69578118054892,5584.471054181856,85.82644054586179
202602,P026,199.15780934913417,12262.8749325226,85.82644054586179
202410,P001,714.8770587303895,42261.6007765667,96.85109099443005
202411,P001,0.0,0.0,96.85109099443005
202412,P001,153.8331483631878,9094.200216570789,96.85109099443005
202501,P001,1235.4823818406041,73038.38128553132,96.85109099443005
202502,P001,513.6649430334811,30366.483985305753,96.85109099443005
202503,P001,2243.8355662436547,132649.49791124085,96.85109099443005
202504,P001,2819.678069311067,166691.75129958466,96.85109099443005
202505,P001,5115.884785702829,302437.2901492488,96.85109099443005
202506,P001,5438.015910424634,321480.8121429147,96.85109099443005
202507,P001,6390.093576298086,377765.07211747364,96.85109099443005
202508,P001,4883.819302431572,288718.2056042101,96.85109099443005
202509,P001,4489.291816842519,265394.80630397395,96.85109099443005
202510,P001,3224.742913587602,190638.090783243,96.85109099443005
202511,P001,1846.9639358023678,109187.51909904851,96.85109099443005
202512,P001,1317.4324488116833,77883.04789169642,96.85109099443005
202601,P001,245.70867388946485,14525.633123124802,96.85109099443005
202602,P001,166.12203609807185,9820.686066266499,96.85109099443005
202603,P001,432.5459996613886,25570.951161386696,96.85109099443005
202410,P033,67.31764224761102,3075.2312444270015,76.19496957362017
202411,P033,34.74388058601634,1587.1837391118659,76.19496957362017
202412,P033,490.11931620173635,22389.825079387203,76.19496957362017
202501,P033,269.84761164201217,12327.285669084304,76.19496957362017
202502,P033,1041.267868864057,47567.61195483348,76.19496957362017
202503,P033,1713.9202394930385,78295.98445468207,76.19496957362017
202504,P033,2486.0230395203153,113567.49093168911,76.19496957362017
202505,P033,2910.9552824958027,132979.4142660813,76.19496957362017
202506,P033,3556.5740503815728,162472.82699862903,76.19496957362017
202507,P033,2725.131964193046,124490.5597057001,76.19496957362017
202508,P033,1897.1488315430092,86666.30570081032,76.19496957362017
202509,P033,854.5566858177833,39038.1976049391,76.19496957362017
202510,P033,314.17783119339595,14352.396348618866,76.19496957362017
202511,P033,453.9226315134291,20736.273766809776,76.19496957362017
202512,P033,181.89304742016537,8309.310366412685,76.19496957362017
202411,P019,252.3609213848727,10598.88822594693,76.93155934546958
202412,P019,230.46803954000433,9679.410652540306,76.93155934546958
202501,P019,1010.9908426418376,42460.53184389369,76.93155934546958
202502,P019,74.56815724773558,3131.782684682175,76.93155934546958
202503,P019,53.97707626569658,2266.9793522866107,76.93155934546958
202504,P019,166.14635915111037,6977.969014089246,76.93155934546958
202505,P019,583.6008519613339,24510.61029798712,76.93155934546958
202506,P019,628.0716987050507,26378.338198817826,76.93155934546958
202507,P019,1277.5099874524205,53654.05027939763,76.93155934546958
202508,P019,1197.803762846822,50306.47427249848,76.93155934546958
202509,P019,1078.5826517066653,45299.31538191653,76.93155934546958
202510,P019,1701.4112032791734,71457.44702060193,76.93155934546958
202511,P019,1886.9986540087234,79251.92104465676,76.93155934546958
202512,P019,1760.186231239599,73925.93520177878,76.93155934546958
202601,P019,2126.061571705133,89292.30736805555,76.93155934546958
202602,P019,1922.3485030890763,80736.57681921446,76.93155934546958
202603,P019,1839.9813033706475,77277.24270952294,76.93155934546958
202604,P019,2188.045874023069,91895.58163265207,76.93155934546958
202605,P019,1614.2735779619393,67797.76014854739,76.93155934546958
202606,P019,1327.9084581047389,55770.732031355314,76.93155934546958
202607,P019,1066.632592888013,44797.42571921704,76.93155934546958
202608,P019,1114.116294223601,46791.690283826894,76.93155934546958
202609,P019,1025.228030782796,43058.478486859305,76.93155934546958
202610,P019,905.8436334384385,38044.46175070576,76.93155934546958
202611,P019,264.55148613757876,11110.878880110255,76.93155934546958
202612,P019,513.3440959292572,21559.90184354319,76.93155934546958
202701,P019,68.05001010387245,2858.027490577777,76.93155934546958
202702,P019,664.4564126362293,27906.45718797576,76.93155934546958
202703,P019,24.7446780634856,1039.2499581262261,76.93155934546958
202704,P019,799.3430730049229,33571.55235633072,76.93155934546958
202411,P034,183.51146129412484,7189.113193042654,86.95630260414273
202412,P034,0.0,0.0,86.95630260414273
202501,P034,455.62374232046363,17849.18845875039,86.95630260414273
202502,P034,57.24454814573124,2242.5712999181337,86.95630260414273
202503,P034,303.80678548678696,11901.71640657555,86.95630260414273
202504,P034,712.8989319964311,27928.016491063936,86.95630260414273
202505,P034,1139.0902886278034,44624.18294907382,86.95630260414273
202506,P034,1556.622870704233,60981.13947463838,86.95630260414273
202507,P034,2021.0334963237938,79174.55656197573,86.95630260414273
202508,P034,1974.3657490125265,77346.33441432858,86.95630260414273
202509,P034,1819.553854378541,71281.53483012546,86.95630260414273
202510,P034,1503.7838726342352,58911.15684002058,86.95630260414273
202511,P034,1152.832396467469,45162.533894969296,86.95630260414273
202512,P034,674.0329995333956,26405.432637938364,86.95630260414273
202601,P034,427.9489424447844,16765.020377378183,86.95630260414273
202602,P034,184.3753995133168,7222.958216158742,86.95630260414273
202603,P034,246.01577580080075,9637.737321874749,86.95630260414273
202604,P034,97.7689343218867,3830.125544456656,86.95630260414273
202412,P060,898.4497658385235,37011.672800741886,74.42238288174907
202501,P060,8.540305799999828,351.8182272470893,74.42238288174907
202502,P060,126.70685526078968,5219.6937957309965,74.42238288174907
202503,P060,127.25808474148984,5242.401715476244,74.42238288174907
202504,P060,610.8445938784336,25163.7666348883,74.42238288174907
202505,P060,197.9110056374144,8152.951520312684,74.42238288174907
202506,P060,655.5214668154139,27004.232140893037,74.42238288174907
202507,P060,683.4442384019675,28154.51179474418,74.42238288174907
202508,P060,663.6382733634208,27338.60430009926,74.42238288174907
202509,P060,1304.0275961057293,53719.467181515945,74.42238288174907
202510,P060,1130.010427842326,46550.82321457622,74.42238288174907
202511,P060,2394.273565630521,98632.19200004691,74.42238288174907
202512,P060,2744.7950902184425,113071.9397421561,74.42238288174907
202601,P060,3118.328095238033,128459.64630932295,74.42238288174907
202602,P060,3367.885424770838,138740.1701370237,74.42238288174907
202603,P060,4992.601432125482,205670.4088045303,74.42238288174907
202604,P060,3148.571689506228,129705.53234317162,74.42238288174907
202605,P060,6351.772821301828,261661.52667117576,74.42238288174907
202606,P060,3796.015013882037,156376.9850942972,74.42238288174907
202607,P060,5727.289671420086,235935.91919502692,74.42238288174907
202608,P060,5074.960343689851,209063.18734702427,74.42238288174907
202609,P060,4204.947632627296,173222.9801159825,74.42238288174907
202610,P060,3835.152294995626,157989.24690120516,74.42238288174907
202611,P060,2123.6157543047243,87482.43301000925,74.42238288174907
202612,P060,2694.6828193164683,111007.56280707507,74.42238288174907
202701,P060,1239.3799450743575,51056.30470066588,74.42238288174907
202702,P060,1162.345812485149,47882.880633690074,74.42238288174907
202703,P060,1543.5209001932985,63585.40309233993,74.42238288174907
202704,P060,1253.7683435429178,51649.03533124046,74.42238288174907
202705,P060,1181.2294301921258,48660.791994391046,74.42238288174907
202706,P060,562.0123774833601,23152.121594653167,74.42238288174907
202707,P060,0.0,0.0,74.42238288174907
202708,P060,751.5716694668098,30961.02394845787,74.42238288174907
202709,P060,759.8157310695312,31300.638384557496,74.42238288174907
202710,P060,80.8011209345907,3328.6052973402834,74.42238288174907
202711,P060,0.0,0.0,74.42238288174907
202412,P018,337.52562913654054,12358.884226564523,66.81122106224451
202501,P018,0.0,0.0,66.81122106224451
202502,P018,650.67323493073,23825.13944320363,66.81122106224451
202503,P018,0.0,0.0,66.81122106224451
202504,P018,0.0,0.0,66.81122106224451
202505,P018,0.0,0.0,66.81122106224451
202506,P018,0.0,0.0,66.81122106224451
202507,P018,689.6911425499524,25253.824441917266,66.81122106224451
202508,P018,967.0793117093823,35410.70727546726,66.81122106224451
202509,P018,1559.4225253555342,57100.02674602662,66.81122106224451
202510,P018,1189.4775551330533,43554.071528119515,66.81122106224451
202511,P018,1784.1946395350512,65330.3129723239,66.81122106224451
202512,P018,2369.5398782035522,86763.39364172783,66.81122106224451
202601,P018,2919.5833510944494,106903.86006623773,66.81122106224451
202602,P018,2798.615723245814,102474.49299397123,66.81122106224451
202603,P018,3608.373608417228,132124.69757245906,66.81122106224451
202604,P018,3708.555586078645,135792.97445760443,66.81122106224451
202605,P018,2321.281809049973,84996.36963471425,66.81122106224451
202606,P018,2861.188646669634,104765.67164695536,66.81122106224451
202607,P018,1616.5144512340617,59190.51244931788,66.81122106224451
202608,P018,1452.4683552817562,53183.77834476703,66.81122106224451
202609,P018,858.0928058660598,31420.042591955087,66.81122106224451
202610,P018,771.079851109254,28233.964436048205,66.81122106224451
202611,P018,380.09069589067354,13917.452485384101,66.81122106224451
202612,P018,1153.3114700763472,42229.80925124482,66.81122106224451
202701,P018,0.0,0.0,66.81122106224451
202702,P018,224.7180172915749,8228.305407309386,66.81122106224451
202703,P018,25.313296649705638,926.8751042304986,66.81122106224451
202704,P018,0.0,0.0,66.81122106224451
202705,P018,0.0,0.0,66.81122106224451
